docPid,docName,left_context,context,right_context,lemma,pos,pos_head,pos_buiging,pos_conjtype,pos_dial,pos_genus,pos_getal,pos_getal_n,pos_graad,pos_lwtype,pos_naamval,pos_npagr,pos_ntype,pos_numtype,pos_pdtype,pos_persoon,pos_positie,pos_pvagr,pos_pvtijd,pos_spectype,pos_status,pos_vwtype,pos_vztype,pos_wvorm,phonetic,xmlid,begintime,endtime
WR-P-E-G-0000005660,Subtitles for Gentse Waterzooi (7): Schotland," . George kent de Highlands",op zijn duimpje," . Deze bergachtige streek trekt",op zijn duim,"VZ(init) VNW(bez,det,stan,vol,3,ev,prenom,zonder,agr) N(soort,ev,dim,onz,stan)",VZ VNW N,,,,,,,,,,,,,,,,,,,,,,,"  ",p.21.s.1.w.5 p.21.s.1.w.6 p.21.s.1.w.7,"  ","  "
WR-P-E-G-0000004536,Subtitles for Gentse Waterzooi V (3) - Algarve," deze grillige kust kent hij",op zijn duimpje," . Het is een spannende",op zijn duim,"VZ(init) VNW(bez,det,stan,vol,3,ev,prenom,zonder,agr) N(soort,ev,dim,onz,stan)",VZ VNW N,,,,,,,,,,,,,,,,,,,,,,,"  ",p.101.s.1.w.17 p.101.s.1.w.18 p.101.s.1.w.19,"  ","  "
WR-P-E-G-0000011148,The boondock saints," inwerken . Je moet dit",op je duimpje," kennen . - Hoezo duimpje",op je duim,"VZ(init) VNW(bez,det,stan,red,2v,ev,prenom,zonder,agr) N(soort,ev,dim,onz,stan)",VZ VNW N,,,,,,,,,,,,,,,,,,,,,,,"  ",p.30.s.1.w.4 p.30.s.1.w.5 p.30.s.1.w.6,"  ","  "
WR-P-E-G-0000008658,Subtitles for Gentse Waterzooi V (3) - Algarve," deze grillige kust kent hij",op zijn duimpje," . Het is een spannende",op zijn duim,"VZ(init) VNW(bez,det,stan,vol,3,ev,prenom,zonder,agr) N(soort,ev,dim,onz,stan)",VZ VNW N,,,,,,,,,,,,,,,,,,,,,,,"  ",p.101.s.1.w.17 p.101.s.1.w.18 p.101.s.1.w.19,"  ","  "
WR-P-E-G-0000001938,Subtitles for Gentse Waterzooi (4) - Gambia," Mister Small kent de markt",op z'n duimpje," . Hij wijst de weg",op zijn duim,"VZ(init) VNW(bez,det,stan,red,3,ev,prenom,zonder,agr) N(soort,ev,dim,onz,stan)",VZ VNW N,,,,,,,,,,,,,,,,,,,,,,,"  ",p.23.s.1.w.6 p.23.s.1.w.7 p.23.s.1.w.8,"  ","  "
WR-P-E-G-0000010861,October sky," ! Ik ken de mijn",op m'n duimpje," . Ik hoef maar om",op mijn duim,"VZ(init) VNW(bez,det,stan,red,1,ev,prenom,zonder,agr) N(soort,ev,dim,onz,stan)",VZ VNW N,,,,,,,,,,,,,,,,,,,,,,,"  ",p.725.s.1.w.5 p.725.s.1.w.6 p.725.s.1.w.7,"  ","  "
WR-P-E-A-0004862111,Geen fan," van 9 die kent ie",op zijn duimpje," , maar 17x9 uit het",op zijn duim,"VZ(init) VNW(bez,det,stan,vol,3,ev,prenom,zonder,agr) N(soort,ev,dim,onz,stan)",VZ VNW N,,,,,,,,,,,,,,,,,,,,,,,"  ",p.5.s.1.w.32 p.5.s.1.w.33 p.5.s.1.w.34,"  ","  "
WR-P-E-A-0004214170,Hier en daar en toen en nu," het Stedelijk en Rijksmuseum al",op haar duimpje," kent , en dat haar",op haar duim,"VZ(init) VNW(bez,det,stan,vol,3,ev,prenom,zonder,agr) N(soort,ev,dim,onz,stan)",VZ VNW N,,,,,,,,,,,,,,,,,,,,,,,"  ",p.4.s.5.w.31 p.4.s.5.w.32 p.4.s.5.w.33,"  ","  "
WR-P-E-A-0006185297,Hallo maar weer," ligt lekker in haar hangmatje",op haar duimpje," te zuigen . Warm weer",op haar duim,"VZ(init) VNW(bez,det,stan,vol,3,ev,prenom,zonder,agr) N(soort,ev,dim,onz,stan)",VZ VNW N,,,,,,,,,,,,,,,,,,,,,,,"  ",p.4.s.1.w.7 p.4.s.1.w.8 p.4.s.1.w.9,"  ","  "
WR-P-E-A-0000205017,Unspecified," , ik ken de dt-regels",op mijn duimpje," en als ik zin heb",op mijn duim,"VZ(init) VNW(bez,det,stan,vol,1,ev,prenom,zonder,agr) N(soort,ev,dim,onz,stan)",VZ VNW N,,,,,,,,,,,,,,,,,,,,,,,"  ",p.5.s.1.w.14 p.5.s.1.w.15 p.5.s.1.w.16,"  ","  "
WR-P-E-G-0000011305,The others," u kent het huis ?",Op mijn duimpje," . Tenzij de muren pootjes",op mijn duim,"VZ(init) VNW(bez,det,stan,vol,1,ev,prenom,zonder,agr) N(soort,ev,dim,onz,stan)",VZ VNW N,,,,,,,,,,,,,,,,,,,,,,,"  ",p.127.s.1.w.1 p.127.s.1.w.2 p.127.s.1.w.3,"  ","  "
WR-P-E-G-0000003983,Subtitles for Afrit 9 (28/4/2003)," Jij moet Oostende toch wel",op je duimpje," kennen ? Ja , maar",op je duim,"VZ(init) VNW(bez,det,stan,red,2v,ev,prenom,zonder,agr) N(soort,ev,dim,onz,stan)",VZ VNW N,,,,,,,,,,,,,,,,,,,,,,,"  ",p.71.s.1.w.6 p.71.s.1.w.7 p.71.s.1.w.8,"  ","  "
WR-P-P-B-0000000122,De magie achter de Michelinster," . Hij kende het vak",op zijn duimpje," , hij was ervaren en",op zijn duim,"VZ(init) VNW(bez,det,stan,vol,3,ev,prenom,zonder,agr) N(soort,ev,dim,onz,stan)",VZ VNW N,,,,,,,,,,,,,,,,,,,,,,,"  ",p.191.s.11.w.5 p.191.s.11.w.6 p.191.s.11.w.7,"  ","  "
WR-P-E-G-0000010231,Subtitles for Gentse Waterzooi (4) - Gambia," Mister Small kent de markt",op z'n duimpje," . Hij wijst de weg",op zijn duim,"VZ(init) VNW(bez,det,stan,red,3,ev,prenom,zonder,agr) N(soort,ev,dim,onz,stan)",VZ VNW N,,,,,,,,,,,,,,,,,,,,,,,"  ",p.23.s.1.w.6 p.23.s.1.w.7 p.23.s.1.w.8,"  ","  "
WR-P-E-G-0000006083,Subtitles for De Leeuw van Vlaanderen," ? Ik ken de streek",op mijn duimpje," . Mag ik u voorgaan",op mijn duim,"VZ(init) VNW(bez,det,stan,vol,1,ev,prenom,zonder,agr) N(soort,ev,dim,onz,stan)",VZ VNW N,,,,,,,,,,,,,,,,,,,,,,,"  ",p.52.s.1.w.5 p.52.s.1.w.6 p.52.s.1.w.7,"  ","  "
WR-P-P-B-0000000184,Een woord van jou," Uiteindelijk kende ik Madrid natuurlijk",op mijn duimpje," . Met plezier had ik",op mijn duim,"VZ(init) VNW(bez,det,stan,vol,1,ev,prenom,zonder,agr) N(soort,ev,dim,onz,stan)",VZ VNW N,,,,,,,,,,,,,,,,,,,,,,,"  ",p.37.s.4.w.6 p.37.s.4.w.7 p.37.s.4.w.8,"  ","  "
WR-P-P-B-0000000202,Het Sindone complot," gewassen . Hij kende Turijn",op zijn duimpje," . Een jaar voor ze",op zijn duim,"VZ(init) VNW(bez,det,stan,vol,3,ev,prenom,zonder,agr) N(soort,ev,dim,onz,stan)",VZ VNW N,,,,,,,,,,,,,,,,,,,,,,,"  ",p.3739.s.1.w.4 p.3739.s.1.w.5 p.3739.s.1.w.6,"  ","  "
WR-P-P-B-0000000034,De zwaardcodex (de sage van de waanzin)," rebellen die deze ingewikkelde doolhof",op hun duimpje," kennen . ' Om de",op hun duim,"VZ(init) VNW(bez,det,stan,vol,3,mv,prenom,zonder,agr) N(soort,ev,dim,onz,stan)",VZ VNW N,,,,,,,,,,,,,,,,,,,,,,,"  ",p.2772.s.1.w.32 p.2772.s.1.w.33 p.2772.s.1.w.34,"  ","  "
WR-P-E-L-0000000092,Unspecified," je een plaats 's avonds",op je duimpje," kent , maar bij daglicht",op je duim,"VZ(init) VNW(bez,det,stan,red,2v,ev,prenom,zonder,agr) N(soort,ev,dim,onz,stan)",VZ VNW N,,,,,,,,,,,,,,,,,,,,,,,"  ",text.1.event.2788.s.2.w.7 text.1.event.2788.s.2.w.8 text.1.event.2788.s.2.w.9,"  ","  "
WR-P-E-L-0000000361,Unspecified," . Weliswaar ken ik dat",op mijn duimpje," maar Thijs kent 't als",op mijn duim,"VZ(init) VNW(bez,det,stan,vol,1,ev,prenom,zonder,agr) N(soort,ev,dim,onz,stan)",VZ VNW N,,,,,,,,,,,,,,,,,,,,,,,"  ",text.1.event.957.s.3.w.5 text.1.event.957.s.3.w.6 text.1.event.957.s.3.w.7,"  ","  "
WR-P-P-G-0000199254,John McLoughlin," en hij kende het WTC",op zijn duimpje," . Zijn team raakte verstrikt",op zijn duim,"VZ(init) VNW(bez,det,stan,vol,3,ev,prenom,zonder,agr) N(soort,ev,dim,onz,stan)",VZ VNW N,,,,,,,,,,,,,,,,,,,,,,,"  ",p.2.s.4.w.26 p.2.s.4.w.27 p.2.s.4.w.28,"  ","  "
WR-P-P-G-0000650298,"""Dicht bij de hemel''"," . Hij kent de omgeving",op zijn duimpje," : "" Ik kon in",op zijn duim,"VZ(init) VNW(bez,det,stan,vol,3,ev,prenom,zonder,agr) N(soort,ev,dim,onz,stan)",VZ VNW N,,,,,,,,,,,,,,,,,,,,,,,"  ",p.2.s.2.w.5 p.2.s.2.w.6 p.2.s.2.w.7,"  ","  "
WR-P-P-G-0000715516,Lamont Products zoekt bedrijventerrein," kent ook de hele wetgeving",op zijn duimpje," . "" Speciaal voor Lamont",op zijn duim,"VZ(init) VNW(bez,det,stan,vol,3,ev,prenom,zonder,agr) N(soort,ev,dim,onz,stan)",VZ VNW N,,,,,,,,,,,,,,,,,,,,,,,"  ",p.3.s.3.w.20 p.3.s.3.w.21 p.3.s.3.w.22,"  ","  "
WR-P-E-C-0000008097,MNM: Snellie Snelders is Slimste Voetballer," twee tegenstanders die de voetbalwereld",op hun duimpje," kennen . Glenn Verbauwhede had",op hun duim,"VZ(init) VNW(bez,det,stan,vol,3,mv,prenom,zonder,agr) N(soort,ev,dim,onz,stan)",VZ VNW N,,,,,,,,,,,,,,,,,,,,,,,"  ",p.2.s.2.w.34 p.2.s.2.w.35 p.2.s.2.w.36,"  ","  "
WR-P-E-G-0000008130,Subtitles for Vrolijk Vlaanderen (119) - Ideal," Jij moet Oostende toch wel",op je duimpje," kennen ? Ja , maar",op je duim,"VZ(init) VNW(bez,det,stan,red,2v,ev,prenom,zonder,agr) N(soort,ev,dim,onz,stan)",VZ VNW N,,,,,,,,,,,,,,,,,,,,,,,"  ",p.83.s.1.w.6 p.83.s.1.w.7 p.83.s.1.w.8,"  ","  "
WR-P-E-L-0000000155,Unspecified," Randstadrail ? Ken de stad",op m'n duimpje," ;-) Ik weet pas sinds",op mijn duim,"VZ(init) VNW(bez,det,stan,red,1,ev,prenom,zonder,agr) N(soort,ev,dim,onz,stan)",VZ VNW N,,,,,,,,,,,,,,,,,,,,,,,"  ",text.1.event.3984.s.2.w.4 text.1.event.3984.s.2.w.5 text.1.event.3984.s.2.w.6,"  ","  "
WR-P-P-B-0000000213,"Single, maar niet alleen"," over Portugal , dat hij",op zijn duimpje," kent aangezien hij een goede",op zijn duim,"VZ(init) VNW(bez,det,stan,vol,3,ev,prenom,zonder,agr) N(soort,ev,dim,onz,stan)",VZ VNW N,,,,,,,,,,,,,,,,,,,,,,,"  ",p.137.s.3.w.9 p.137.s.3.w.10 p.137.s.3.w.11,"  ","  "
WR-P-P-B-0000000183,Een onverwachte wending," dat ik de metrokaart nu",op mijn duimpje," ken . Er zijn buurten",op mijn duim,"VZ(init) VNW(bez,det,stan,vol,1,ev,prenom,zonder,agr) N(soort,ev,dim,onz,stan)",VZ VNW N,,,,,,,,,,,,,,,,,,,,,,,"  ",p.870.s.4.w.10 p.870.s.4.w.11 p.870.s.4.w.12,"  ","  "
WR-P-P-B-0000000065,Frankrijk en de hugenoten," het gebergte van de Aigoual",op zijn duimpje," kende : Henri Castanet uit",op zijn duim,"VZ(init) VNW(bez,det,stan,vol,3,ev,prenom,zonder,agr) N(soort,ev,dim,onz,stan)",VZ VNW N,,,,,,,,,,,,,,,,,,,,,,,"  ",p.1942.s.1.w.18 p.1942.s.1.w.19 p.1942.s.1.w.20,"  ","  "
WR-P-P-B-0000000114,De voorlaatste droom," ; hij kende ze allemaal",op zijn duimpje," , maar huilde , zuchtte",op zijn duim,"VZ(init) VNW(bez,det,stan,vol,3,ev,prenom,zonder,agr) N(soort,ev,dim,onz,stan)",VZ VNW N,,,,,,,,,,,,,,,,,,,,,,,"  ",p.314.s.3.w.42 p.314.s.3.w.43 p.314.s.3.w.44,"  ","  "
WR-P-P-B-0000000114,De voorlaatste droom," maar die kamer kende ze",op haar duimpje," , zonder enige twijfel .",op haar duim,"VZ(init) VNW(bez,det,stan,vol,3,ev,prenom,zonder,agr) N(soort,ev,dim,onz,stan)",VZ VNW N,,,,,,,,,,,,,,,,,,,,,,,"  ",p.1327.s.4.w.15 p.1327.s.4.w.16 p.1327.s.4.w.17,"  ","  "
WR-P-P-B-0000000114,De voorlaatste droom," praten . Hij kende Parijs",op zijn duimpje," en beheerste het Frans ,",op zijn duim,"VZ(init) VNW(bez,det,stan,vol,3,ev,prenom,zonder,agr) N(soort,ev,dim,onz,stan)",VZ VNW N,,,,,,,,,,,,,,,,,,,,,,,"  ",p.1967.s.4.w.4 p.1967.s.4.w.5 p.1967.s.4.w.6,"  ","  "
WR-P-P-B-0000000114,De voorlaatste droom," Cugat . Die kende hij",op zijn duimpje," omdat hij daar diverse malen",op zijn duim,"VZ(init) VNW(bez,det,stan,vol,3,ev,prenom,zonder,agr) N(soort,ev,dim,onz,stan)",VZ VNW N,,,,,,,,,,,,,,,,,,,,,,,"  ",p.2063.s.2.w.4 p.2063.s.2.w.5 p.2063.s.2.w.6,"  ","  "
WR-P-P-B-0000000199,Bloedbanden," feit dat Puddu het gebied",op zijn duimpje," kende , en de hulp",op zijn duim,"VZ(init) VNW(bez,det,stan,vol,3,ev,prenom,zonder,agr) N(soort,ev,dim,onz,stan)",VZ VNW N,,,,,,,,,,,,,,,,,,,,,,,"  ",p.1729.s.3.w.17 p.1729.s.3.w.18 p.1729.s.3.w.19,"  ","  "
WR-P-E-L-0000000588,Unspecified," regio M-O en de taal",op haar duimpje," . #25jan Was mooi om",op haar duim,"VZ(init) VNW(bez,det,stan,vol,3,ev,prenom,zonder,agr) N(soort,ev,dim,onz,stan)",VZ VNW N,,,,,,,,,,,,,,,,,,,,,,,"  ",text.1.event.1672.s.2.w.8 text.1.event.1672.s.2.w.9 text.1.event.1672.s.2.w.10,"  ","  "
WR-P-E-L-0000000098,Unspecified," gedachte dat ik het bos",op m'n duimpje," ken ben ik daar ook",op mijn duim,"VZ(init) VNW(bez,det,stan,red,1,ev,prenom,zonder,agr) N(soort,ev,dim,onz,stan)",VZ VNW N,,,,,,,,,,,,,,,,,,,,,,,"  ",text.1.event.303.s.2.w.7 text.1.event.303.s.2.w.8 text.1.event.303.s.2.w.9,"  ","  "
WR-P-P-B-0000000242,Undercover in de ouderenzorg," avond ga ik nu eens",op mijn duimpje," doen . Ook wel eens",op mijn duim,"VZ(init) VNW(bez,det,stan,vol,1,ev,prenom,zonder,agr) N(soort,ev,dim,onz,stan)",VZ VNW N,,,,,,,,,,,,,,,,,,,,,,,"  ",p.593.s.3.w.7 p.593.s.3.w.8 p.593.s.3.w.9,"  ","  "
WR-P-E-L-0000000615,Unspecified," . Sybrand kent de dossiers",op z'n duimpje," . Kan ' spelen '",op zijn duim,"VZ(init) VNW(bez,det,stan,red,3,ev,prenom,zonder,agr) N(soort,ev,dim,onz,stan)",VZ VNW N,,,,,,,,,,,,,,,,,,,,,,,"  ",text.1.event.2825.s.2.w.5 text.1.event.2825.s.2.w.6 text.1.event.2825.s.2.w.7,"  ","  "
WR-P-P-B-0000000031,De Souffleur," . Mila kende de statistieken",op haar duimpje," . Ineens laten ze niets",op haar duim,"VZ(init) VNW(bez,det,stan,vol,3,ev,prenom,zonder,agr) N(soort,ev,dim,onz,stan)",VZ VNW N,,,,,,,,,,,,,,,,,,,,,,,"  ",p.171.s.5.w.5 p.171.s.5.w.6 p.171.s.5.w.7,"  ","  "
WR-P-P-G-0000002053,Kokkelvisserij," . Ik ken de Waddenzee",op mijn duimpje," . Het is mij dan",op mijn duim,"VZ(init) VNW(bez,det,stan,vol,1,ev,prenom,zonder,agr) N(soort,ev,dim,onz,stan)",VZ VNW N,,,,,,,,,,,,,,,,,,,,,,,"  ",p.2.s.2.w.5 p.2.s.2.w.6 p.2.s.2.w.7,"  ","  "
WR-P-P-G-0000661104,"""Het zijn steeds weer dezelfde namen"," lange afstand kent het parcours",op zijn duimpje," . Vier jaar na elkaar",op zijn duim,"VZ(init) VNW(bez,det,stan,vol,3,ev,prenom,zonder,agr) N(soort,ev,dim,onz,stan)",VZ VNW N,,,,,,,,,,,,,,,,,,,,,,,"  ",p.2.s.1.w.11 p.2.s.1.w.12 p.2.s.1.w.13,"  ","  "
WR-P-P-G-0000189968,Op het WK vingervoetbal speelt België wel mee," toernooien en ken het wereldje",op mijn duimpje," . "" Het Belgische Subbuteowereldje",op mijn duim,"VZ(init) VNW(bez,det,stan,vol,1,ev,prenom,zonder,agr) N(soort,ev,dim,onz,stan)",VZ VNW N,,,,,,,,,,,,,,,,,,,,,,,"  ",p.4.s.4.w.15 p.4.s.4.w.16 p.4.s.4.w.17,"  ","  "
WR-P-P-G-0000143882,Wim Derksen," terrassen en de kerkjes hier",op zijn duimpje," . Dat komt doordat hij",op zijn duim,"VZ(init) VNW(bez,det,stan,vol,3,ev,prenom,zonder,agr) N(soort,ev,dim,onz,stan)",VZ VNW N,,,,,,,,,,,,,,,,,,,,,,,"  ",p.11.s.1.w.15 p.11.s.1.w.16 p.11.s.1.w.17,"  ","  "
WR-P-P-G-0000674669,"""Boonen is een dankbare jongen''"," "" Salzburg kent hij al",op zijn duimpje," . "" Het moet ook",op zijn duim,"VZ(init) VNW(bez,det,stan,vol,3,ev,prenom,zonder,agr) N(soort,ev,dim,onz,stan)",VZ VNW N,,,,,,,,,,,,,,,,,,,,,,,"  ",p.4.s.1.w.5 p.4.s.1.w.6 p.4.s.1.w.7,"  ","  "
WR-P-P-B-0000000241,Een Palestijnse affaire," betrouwbaar . Kent de woestijn",op zijn duimpje," . Je wordt echt in",op zijn duim,"VZ(init) VNW(bez,det,stan,vol,3,ev,prenom,zonder,agr) N(soort,ev,dim,onz,stan)",VZ VNW N,,,,,,,,,,,,,,,,,,,,,,,"  ",p.910.s.12.w.4 p.910.s.12.w.5 p.910.s.12.w.6,"  ","  "
WR-P-P-H-0000076355,KBC BANK," kent het metier van bankier",op zijn duimpje," . Hij bezoekt cocktails als",op zijn duim,"VZ(init) VNW(bez,det,stan,vol,3,ev,prenom,zonder,agr) N(soort,ev,dim,onz,stan)",VZ VNW N,,,,,,,,,,,,,,,,,,,,,,,"  ",p.3.s.3.w.12 p.3.s.3.w.13 p.3.s.3.w.14,"  ","  "
WR-P-P-H-0000174099,De woeste Wodan," die de werkdramaturgie van Richard",op haar duimpje," kent , maar van management",op haar duim,"VZ(init) VNW(bez,det,stan,vol,3,ev,prenom,zonder,agr) N(soort,ev,dim,onz,stan)",VZ VNW N,,,,,,,,,,,,,,,,,,,,,,,"  ",p.5.s.1.w.18 p.5.s.1.w.19 p.5.s.1.w.20,"  ","  "
WR-P-P-H-0000101969,Arriba la salsa," Jorge , die de stad",op zijn duimpje," kent , en vooral haar",op zijn duim,"VZ(init) VNW(bez,det,stan,vol,3,ev,prenom,zonder,agr) N(soort,ev,dim,onz,stan)",VZ VNW N,,,,,,,,,,,,,,,,,,,,,,,"  ",p.5.s.2.w.6 p.5.s.2.w.7 p.5.s.2.w.8,"  ","  "
WR-P-P-H-0000150346,«Daer geschiede groote moort»," het werk van deze pastoor",op zijn duimpje," , maar hij heeft zo",op zijn duim,"VZ(init) VNW(bez,det,stan,vol,3,ev,prenom,zonder,agr) N(soort,ev,dim,onz,stan)",VZ VNW N,,,,,,,,,,,,,,,,,,,,,,,"  ",p.23.s.3.w.8 p.23.s.3.w.9 p.23.s.3.w.10,"  ","  "
WR-P-P-G-0000375233,PORTUGAL," de streek , die ze",op haar duimpje," kent . Zij is de",op haar duim,"VZ(init) VNW(bez,det,stan,vol,3,ev,prenom,zonder,agr) N(soort,ev,dim,onz,stan)",VZ VNW N,,,,,,,,,,,,,,,,,,,,,,,"  ",p.32.s.5.w.13 p.32.s.5.w.14 p.32.s.5.w.15,"  ","  "
WR-P-P-H-0000156386,De prijs van de liefde," weg van site naar site",op je duimpje," te kennen . ... Lieve",op je duim,"VZ(init) VNW(bez,det,stan,red,2v,ev,prenom,zonder,agr) N(soort,ev,dim,onz,stan)",VZ VNW N,,,,,,,,,,,,,,,,,,,,,,,"  ",p.9.s.4.w.9 p.9.s.4.w.10 p.9.s.4.w.11,"  ","  "
WR-P-P-H-0000173814,Mijn kalenderwijsheden," en outs van de sport",op zijn duimpje," kent . Ben ik te",op zijn duim,"VZ(init) VNW(bez,det,stan,vol,3,ev,prenom,zonder,agr) N(soort,ev,dim,onz,stan)",VZ VNW N,,,,,,,,,,,,,,,,,,,,,,,"  ",p.1.s.3.w.10 p.1.s.3.w.11 p.1.s.3.w.12,"  ","  "
WR-P-P-H-0000156489,Maar waar gaat het om," ' Anker kent deze stijl",op zijn duimpje," en rekt hem via zijn",op zijn duim,"VZ(init) VNW(bez,det,stan,vol,3,ev,prenom,zonder,agr) N(soort,ev,dim,onz,stan)",VZ VNW N,,,,,,,,,,,,,,,,,,,,,,,"  ",p.3.s.8.w.5 p.3.s.8.w.6 p.3.s.8.w.7,"  ","  "
WR-P-P-H-0000104208,Gaytime in Brussel," kerel die het Brusselse homomilieu",op zijn duimpje," kent . Pas vorige week",op zijn duim,"VZ(init) VNW(bez,det,stan,vol,3,ev,prenom,zonder,agr) N(soort,ev,dim,onz,stan)",VZ VNW N,,,,,,,,,,,,,,,,,,,,,,,"  ",p.7.s.2.w.11 p.7.s.2.w.12 p.7.s.2.w.13,"  ","  "
WR-P-P-H-0000060426,Boek tegen 't Net," "" We kennen twee niches",op ons duimpje," , schoolboeken en computerhandboeken .",op ons duim,"VZ(init) VNW(bez,det,stan,vol,1,mv,prenom,zonder,evon) N(soort,ev,dim,onz,stan)",VZ VNW N,,,,,,,,,,,,,,,,,,,,,,,"  ",p.10.s.4.w.9 p.10.s.4.w.10 p.10.s.4.w.11,"  ","  "
WR-P-P-H-0000106723,Franchisenemer of zelfstandige ?," je in waagt ook niet",op je duimpje," te kennen , want de",op je duim,"VZ(init) VNW(bez,det,stan,red,2v,ev,prenom,zonder,agr) N(soort,ev,dim,onz,stan)",VZ VNW N,,,,,,,,,,,,,,,,,,,,,,,"  ",p.2.s.12.w.12 p.2.s.12.w.13 p.2.s.12.w.14,"  ","  "
WR-P-P-H-0000074314,"Lompe Vlamingen, fijne Hollanders?"," Daems kent het Nederlandse bedrijfsleven",op zijn duimpje," . Dat begon toen hij",op zijn duim,"VZ(init) VNW(bez,det,stan,vol,3,ev,prenom,zonder,agr) N(soort,ev,dim,onz,stan)",VZ VNW N,,,,,,,,,,,,,,,,,,,,,,,"  ",p.5.s.1.w.7 p.5.s.1.w.8 p.5.s.1.w.9,"  ","  "
WR-P-P-H-0000151356,Say no more," Asscher kent dit stilistische repertoire",op z'n duimpje," en werkt er ongegeneerd en",op z'n duim,"VZ(init) VNW(bez,det,stan,red,3,ev,prenom,zonder,agr) N(soort,ev,dim,onz,stan)",VZ VNW N,,,,,,,,,,,,,,,,,,,,,,,"  ",p.4.s.9.w.6 p.4.s.9.w.7 p.4.s.9.w.8,"  ","  "
WR-P-P-H-0000058519,De moord in het stortbad," de kaart van New York",op zijn duimpje," . Maar vooral in hun",op zijn duim,"VZ(init) VNW(bez,det,stan,vol,3,ev,prenom,zonder,agr) N(soort,ev,dim,onz,stan)",VZ VNW N,,,,,,,,,,,,,,,,,,,,,,,"  ",p.25.s.2.w.18 p.25.s.2.w.19 p.25.s.2.w.20,"  ","  "
WR-P-P-H-0000047804,TOILETPOT IN DE WILDERNIS," . Hij kent de wildernis",op zijn duimpje," en zit bij wijze van",op zijn duim,"VZ(init) VNW(bez,det,stan,vol,3,ev,prenom,zonder,agr) N(soort,ev,dim,onz,stan)",VZ VNW N,,,,,,,,,,,,,,,,,,,,,,,"  ",p.18.s.2.w.5 p.18.s.2.w.6 p.18.s.2.w.7,"  ","  "
WR-P-P-H-0000106475,Tout le monde est bombé-oh!," , ' hij kent Brazza",op zijn duimpje," . ' ' Weet je",op zijn duim,"VZ(init) VNW(bez,det,stan,vol,3,ev,prenom,zonder,agr) N(soort,ev,dim,onz,stan)",VZ VNW N,,,,,,,,,,,,,,,,,,,,,,,"  ",p.32.s.4.w.21 p.32.s.4.w.22 p.32.s.4.w.23,"  ","  "
WR-P-P-H-0000172354,Osewoudt zoekt dorbeck," omgeving van zijn moederlijk huis",op zijn duimpje," kent , verdwaalt hij soms",op zijn duim,"VZ(init) VNW(bez,det,stan,vol,3,ev,prenom,zonder,agr) N(soort,ev,dim,onz,stan)",VZ VNW N,,,,,,,,,,,,,,,,,,,,,,,"  ",p.1.s.1.w.10 p.1.s.1.w.11 p.1.s.1.w.12,"  ","  "
WR-P-P-H-0000091456,"Oprollen, die prikkeldraad"," het steering committee het familiebedrijf",op zijn duimpje," . Bovendien combineert hij de",op zijn duim,"VZ(init) VNW(bez,det,stan,vol,3,ev,prenom,zonder,agr) N(soort,ev,dim,onz,stan)",VZ VNW N,,,,,,,,,,,,,,,,,,,,,,,"  ",p.14.s.3.w.12 p.14.s.3.w.13 p.14.s.3.w.14,"  ","  "
WR-P-P-H-0000130244,GEITENMELK EN BERGLUCHT," de berggidsen die de streek",op hun duimpje," kennen . Er is keuze",op hun duim,"VZ(init) VNW(bez,det,stan,vol,3,mv,prenom,zonder,agr) N(soort,ev,dim,onz,stan)",VZ VNW N,,,,,,,,,,,,,,,,,,,,,,,"  ",p.9.s.4.w.16 p.9.s.4.w.17 p.9.s.4.w.18,"  ","  "
WR-P-P-H-0000128009,De Camargue -- Land wordt langzaam zee," de paarden kennen het gebied",op hun duimpje," . We komen weinig andere",op hun duim,"VZ(init) VNW(bez,det,stan,vol,3,mv,prenom,zonder,agr) N(soort,ev,dim,onz,stan)",VZ VNW N,,,,,,,,,,,,,,,,,,,,,,,"  ",p.15.s.2.w.21 p.15.s.2.w.22 p.15.s.2.w.23,"  ","  "
WR-P-P-H-0000129960,Op citytrip," jaar , kent de stad",op haar duimpje," en schrijft in haar wekelijkse",op haar duim,"VZ(init) VNW(bez,det,stan,vol,3,ev,prenom,zonder,agr) N(soort,ev,dim,onz,stan)",VZ VNW N,,,,,,,,,,,,,,,,,,,,,,,"  ",p.4.s.2.w.13 p.4.s.2.w.14 p.4.s.2.w.15,"  ","  "
WR-P-P-H-0000124361,Jean M. Auel -- Theekransje," legendarische Chauvet-spelonk als pronkstuk -",op haar duimpje," . Ayla , het hoofdper-sonage",op haar duim,"VZ(init) VNW(bez,det,stan,vol,3,ev,prenom,zonder,agr) N(soort,ev,dim,onz,stan)",VZ VNW N,,,,,,,,,,,,,,,,,,,,,,,"  ",p.1.s.3.w.22 p.1.s.3.w.23 p.1.s.3.w.24,"  ","  "
WR-P-P-H-0000175700,Door de bank genomen," die de trust- en offshorewereld",op zijn duimpje," kent , dé oplossing om",op zijn duim,"VZ(init) VNW(bez,det,stan,vol,3,ev,prenom,zonder,agr) N(soort,ev,dim,onz,stan)",VZ VNW N,,,,,,,,,,,,,,,,,,,,,,,"  ",p.11.s.4.w.20 p.11.s.4.w.21 p.11.s.4.w.22,"  ","  "
WR-P-P-H-0000101815,De man die 6000 mensen mag ontslaan," Philips . Kleisterlee kent Philips",op zijn duimpje," . Zijn vader , ook",op zijn duim,"VZ(init) VNW(bez,det,stan,vol,3,ev,prenom,zonder,agr) N(soort,ev,dim,onz,stan)",VZ VNW N,,,,,,,,,,,,,,,,,,,,,,,"  ",p.7.s.3.w.4 p.7.s.3.w.5 p.7.s.3.w.6,"  ","  "
WR-P-P-H-0000080238,Eindelijk sedentair," en technologie , die hij",op zijn duimpje," kent . Over zijn toekomstige",op zijn duim,"VZ(init) VNW(bez,det,stan,vol,3,ev,prenom,zonder,agr) N(soort,ev,dim,onz,stan)",VZ VNW N,,,,,,,,,,,,,,,,,,,,,,,"  ",p.5.s.1.w.21 p.5.s.1.w.22 p.5.s.1.w.23,"  ","  "
WR-P-P-H-0000018231,Prijsbewust," wereld van het perifere winkelvastgoed",op zijn duimpje," . Pieter Persyn van Fastigon-Kolpron",op zijn duim,"VZ(init) VNW(bez,det,stan,vol,3,ev,prenom,zonder,agr) N(soort,ev,dim,onz,stan)",VZ VNW N,,,,,,,,,,,,,,,,,,,,,,,"  ",p.3.s.6.w.13 p.3.s.6.w.14 p.3.s.6.w.15,"  ","  "
WR-P-P-H-0000129987,Mevrouw Taxichauffeur," en de Bronx ken ik",op mijn duimpje," . In Staten Island kom",op mijn duim,"VZ(init) VNW(bez,det,stan,vol,1,ev,prenom,zonder,agr) N(soort,ev,dim,onz,stan)",VZ VNW N,,,,,,,,,,,,,,,,,,,,,,,"  ",p.3.s.5.w.12 p.3.s.5.w.13 p.3.s.5.w.14,"  ","  "
WR-P-P-H-0000168301,Het turing-eindspel," boeken in de Koninklijke Bibliotheek",op hun duimpje," kennen en daarbij ook nog",op hun duim,"VZ(init) VNW(bez,det,stan,vol,3,mv,prenom,zonder,agr) N(soort,ev,dim,onz,stan)",VZ VNW N,,,,,,,,,,,,,,,,,,,,,,,"  ",p.2.s.5.w.37 p.2.s.5.w.38 p.2.s.5.w.39,"  ","  "
WR-P-P-H-0000098898,Het ritme van Century City," namen die elk opgevoed mens",op z'n duimpje," kent . Met als gevolg",op z'n duim,"VZ(init) VNW(bez,det,stan,red,3,ev,prenom,zonder,agr) N(soort,ev,dim,onz,stan)",VZ VNW N,,,,,,,,,,,,,,,,,,,,,,,"  ",p.30.s.4.w.15 p.30.s.4.w.16 p.30.s.4.w.17,"  ","  "
WR-P-P-H-0000163552,Moeilijke jeugd," Ze kende de literaire wereld",op haar duimpje," en vertelde haar studenten over",op haar duim,"VZ(init) VNW(bez,det,stan,vol,3,ev,prenom,zonder,agr) N(soort,ev,dim,onz,stan)",VZ VNW N,,,,,,,,,,,,,,,,,,,,,,,"  ",p.1.s.7.w.6 p.1.s.7.w.7 p.1.s.7.w.8,"  ","  "
WR-P-P-H-0000175113,Het net sluit zich," Taliban kennen het onherbergzame terrein",op hun duimpje," , kunnen tegen luchtaanvallen schuilen",op hun duim,"VZ(init) VNW(bez,det,stan,vol,3,mv,prenom,zonder,agr) N(soort,ev,dim,onz,stan)",VZ VNW N,,,,,,,,,,,,,,,,,,,,,,,"  ",p.4.s.4.w.7 p.4.s.4.w.8 p.4.s.4.w.9,"  ","  "
WR-P-P-H-0000091450,Voorbij de palmbomen," "" Henrion kent de eilanden",op zijn duimpje," . In minder dan geen",op zijn duim,"VZ(init) VNW(bez,det,stan,vol,3,ev,prenom,zonder,agr) N(soort,ev,dim,onz,stan)",VZ VNW N,,,,,,,,,,,,,,,,,,,,,,,"  ",p.12.s.9.w.5 p.12.s.9.w.6 p.12.s.9.w.7,"  ","  "
WR-P-P-H-0000105696,Wanneer begint het postflatertijdperk?," geschoeid en dat de vakbonden",op hun duimpje," kennen , is het moeilijk",op hun duim,"VZ(init) VNW(bez,det,stan,vol,3,mv,prenom,zonder,agr) N(soort,ev,dim,onz,stan)",VZ VNW N,,,,,,,,,,,,,,,,,,,,,,,"  ",p.15.s.1.w.18 p.15.s.1.w.19 p.15.s.1.w.20,"  ","  "
WR-P-P-H-0000077146,Mannen weten waarom," & Gabanna kennen deze stijloefening",op hun duimpje," en doen er dan ook",op hun duim,"VZ(init) VNW(bez,det,stan,vol,3,mv,prenom,zonder,agr) N(soort,ev,dim,onz,stan)",VZ VNW N,,,,,,,,,,,,,,,,,,,,,,,"  ",p.14.s.2.w.32 p.14.s.2.w.33 p.14.s.2.w.34,"  ","  "
WR-P-P-H-0000099531,Staalhard zal het eraan toe gaan," Morgan Stanley die de staalsector",op zijn duimpje," kent . "" Alle medewerkers",op zijn duim,"VZ(init) VNW(bez,det,stan,vol,3,ev,prenom,zonder,agr) N(soort,ev,dim,onz,stan)",VZ VNW N,,,,,,,,,,,,,,,,,,,,,,,"  ",p.14.s.5.w.14 p.14.s.5.w.15 p.14.s.5.w.16,"  ","  "
WR-P-P-G-0000270789,Russische Sami dromen van rendieren op toendra," aan de Barentszzee strekt ,",op zijn duimpje," . Maar de nieuwelingen die",op zijn duim,"VZ(init) VNW(bez,det,stan,vol,3,ev,prenom,zonder,agr) N(soort,ev,dim,onz,stan)",VZ VNW N,,,,,,,,,,,,,,,,,,,,,,,"  ",p.14.s.4.w.16 p.14.s.4.w.17 p.14.s.4.w.18,"  ","  "
WR-P-P-I-0000000149,Hervatting van de zitting," hij kent de filmsector immers",op zijn duimpje," - maar ook bepaalde idealen",op zijn duim,"VZ(init) VNW(bez,det,stan,vol,3,ev,prenom,zonder,agr) N(soort,ev,dim,onz,stan)",VZ VNW N,,,,,,,,,,,,,,,,,,,,,,,"  ",p.333.s.2.w.15 p.333.s.2.w.16 p.333.s.2.w.17,"  ","  "
WR-P-P-G-0000462858,Artikel zonder titel," ( 52 ) kent Bocholt",op zijn duimpje," . Hij weet precies waar",op zijn duim,"VZ(init) VNW(bez,det,stan,vol,3,ev,prenom,zonder,agr) N(soort,ev,dim,onz,stan)",VZ VNW N,,,,,,,,,,,,,,,,,,,,,,,"  ",p.3.s.1.w.8 p.3.s.1.w.9 p.3.s.1.w.10,"  ","  "
WR-P-P-G-0000178576,Tepels zien en sterven," de weg naar de slachtbank",op hun duimpje," kennen . De schare internationale",op hun duim,"VZ(init) VNW(bez,det,stan,vol,3,mv,prenom,zonder,agr) N(soort,ev,dim,onz,stan)",VZ VNW N,,,,,,,,,,,,,,,,,,,,,,,"  ",p.5.s.2.w.42 p.5.s.2.w.43 p.5.s.2.w.44,"  ","  "
WR-P-P-G-0000639534,No title available.," De gidsen kennen het park",op hun duimpje," en nemen je mee naar",op hun duim,"VZ(init) VNW(bez,det,stan,vol,3,mv,prenom,zonder,agr) N(soort,ev,dim,onz,stan)",VZ VNW N,,,,,,,,,,,,,,,,,,,,,,,"  ",p.2.s.3.w.6 p.2.s.3.w.7 p.2.s.3.w.8,"  ","  "
WR-P-P-G-0000381291,Sterren lopen cannes plat," Ook al kent ze Cannes",op haar duimpje," , het was de eerste",op haar duim,"VZ(init) VNW(bez,det,stan,vol,3,ev,prenom,zonder,agr) N(soort,ev,dim,onz,stan)",VZ VNW N,,,,,,,,,,,,,,,,,,,,,,,"  ",p.2.s.4.w.12 p.2.s.4.w.13 p.2.s.4.w.14,"  ","  "
WR-P-P-G-0000713684,Lokale politie zet meer wijkinspecteurs in," kent zijn wijk dan ook",op zijn duimpje," . "" Dit is eigenlijk",op zijn duim,"VZ(init) VNW(bez,det,stan,vol,3,ev,prenom,zonder,agr) N(soort,ev,dim,onz,stan)",VZ VNW N,,,,,,,,,,,,,,,,,,,,,,,"  ",p.3.s.2.w.18 p.3.s.2.w.19 p.3.s.2.w.20,"  ","  "
WR-P-P-G-0000704673,"""Ik dank defensie voor vertrouwen"," ik ken de Bambrugse voetbalfamilie",op mijn duimpje," en kijk reikhalzend uit naar",op mijn duim,"VZ(init) VNW(bez,det,stan,vol,1,ev,prenom,zonder,agr) N(soort,ev,dim,onz,stan)",VZ VNW N,,,,,,,,,,,,,,,,,,,,,,,"  ",p.5.s.8.w.7 p.5.s.8.w.8 p.5.s.8.w.9,"  ","  "
WR-P-P-G-0000342855,Boete voor boer die botste op kouterweg," , hij kent het er",op zijn duimpje," , aldus de verdediging van",op zijn duimpje,"VZ(init) VNW(bez,det,stan,vol,3,ev,prenom,zonder,agr) N(soort,ev,dim,onz,stan)",VZ VNW N,,,,,,,,,,,,,,,,,,,,,,,"  ",p.1.s.3.w.10 p.1.s.3.w.11 p.1.s.3.w.12,"  ","  "
WR-P-P-G-0000584923,"""Eén scheepslading is goed voor twintig tankwagens''"," kennen de route dan ook",op hun duimpje," . Een levering met het",op hun duim,"VZ(init) VNW(bez,det,stan,vol,3,mv,prenom,zonder,agr) N(soort,ev,dim,onz,stan)",VZ VNW N,,,,,,,,,,,,,,,,,,,,,,,"  ",p.6.s.3.w.7 p.6.s.3.w.8 p.6.s.3.w.9,"  ","  "
WR-P-P-G-0000503824,«Wilco is de moordenaar»," Ik ken het Joegoslavische milieu",op mijn duimpje," Biemans ' kammetje bereikte zijn",op mijn duimpje,"VZ(init) VNW(bez,det,stan,vol,1,ev,prenom,zonder,agr) N(soort,ev,dim,onz,stan)",VZ VNW N,,,,,,,,,,,,,,,,,,,,,,,"  ",p.11.s.10.w.6 p.11.s.10.w.7 p.11.s.10.w.8,"  ","  "
WR-P-P-G-0000591634,"""Genieten in achtertuin"," Je kent de selectieve omloop",op je duimpje," en je weet dus dat",op je duim,"VZ(init) VNW(bez,det,stan,red,2v,ev,prenom,zonder,agr) N(soort,ev,dim,onz,stan)",VZ VNW N,,,,,,,,,,,,,,,,,,,,,,,"  ",p.2.s.1.w.6 p.2.s.1.w.7 p.2.s.1.w.8,"  ","  "
WR-P-P-G-0000254699,Fotoboek vereeuwigt anekdotes uit de Stationsbuurt," . Hij kent de buurt",op zijn duimpje," , want hier begon zijn",op zijn duim,"VZ(init) VNW(bez,det,stan,vol,3,ev,prenom,zonder,agr) N(soort,ev,dim,onz,stan)",VZ VNW N,,,,,,,,,,,,,,,,,,,,,,,"  ",p.3.s.3.w.5 p.3.s.3.w.6 p.3.s.3.w.7,"  ","  "
WR-P-P-G-0000402351,Artikel zonder titel," vaker en ken de stad",op mijn duimpje," . Verder ontdek ik graag",op mijn duim,"VZ(init) VNW(bez,det,stan,vol,1,ev,prenom,zonder,agr) N(soort,ev,dim,onz,stan)",VZ VNW N,,,,,,,,,,,,,,,,,,,,,,,"  ",p.7.s.2.w.10 p.7.s.2.w.11 p.7.s.2.w.12,"  ","  "
WR-P-P-G-0000610102,"""Omloop ken ik op mijn duimpje",""" Omloop ken ik",op mijn duimpje," Wim REDANT Jouw ploegleider Wim",op mijn duim,"VZ(init) VNW(bez,det,stan,vol,1,ev,prenom,zonder,agr) N(soort,ev,dim,onz,stan)",VZ VNW N,,,,,,,,,,,,,,,,,,,,,,,"  ",head.1.s.1.w.5 head.1.s.1.w.6 head.1.s.1.w.7,"  ","  "
WR-P-P-G-0000610102,"""Omloop ken ik op mijn duimpje"," Ik ken de omloop alvast",op mijn duimpje," . Met een strook vals",op mijn duim,"VZ(init) VNW(bez,det,stan,vol,1,ev,prenom,zonder,agr) N(soort,ev,dim,onz,stan)",VZ VNW N,,,,,,,,,,,,,,,,,,,,,,,"  ",p.4.s.4.w.6 p.4.s.4.w.7 p.4.s.4.w.8,"  ","  "
WR-P-P-G-0000667843,"""Dender heeft mijn hart gestolen"," klasse en ken de reeks",op mijn duimpje," . Met RWDM dwong ik",op mijn duim,"VZ(init) VNW(bez,det,stan,vol,1,ev,prenom,zonder,agr) N(soort,ev,dim,onz,stan)",VZ VNW N,,,,,,,,,,,,,,,,,,,,,,,"  ",p.2.s.4.w.14 p.2.s.4.w.15 p.2.s.4.w.16,"  ","  "
WR-P-P-G-0000153205,Nog maar acht van de honderd jaar," kende hij de socialistische klassieken",op z'n duimpje," . Hij was zelfs nauwelijks",op z'n duim,"VZ(init) VNW(bez,det,stan,red,3,ev,prenom,zonder,agr) N(soort,ev,dim,onz,stan)",VZ VNW N,,,,,,,,,,,,,,,,,,,,,,,"  ",p.12.s.5.w.18 p.12.s.5.w.19 p.12.s.5.w.20,"  ","  "
WR-P-P-G-0000464381,Van Canada naar," Leslie weliswaar die de stad",op haar duimpje," kent . We cruisen van",op haar duim,"VZ(init) VNW(bez,det,stan,vol,3,ev,prenom,zonder,agr) N(soort,ev,dim,onz,stan)",VZ VNW N,,,,,,,,,,,,,,,,,,,,,,,"  ",p.26.s.1.w.17 p.26.s.1.w.18 p.26.s.1.w.19,"  ","  "
WR-P-P-G-0000133162,Het geweld kwam van links," theorieën over geweld als strategie",op zijn duimpje," . De oorsprong , zo",op zijn duim,"VZ(init) VNW(bez,det,stan,vol,3,ev,prenom,zonder,agr) N(soort,ev,dim,onz,stan)",VZ VNW N,,,,,,,,,,,,,,,,,,,,,,,"  ",p.14.s.1.w.23 p.14.s.1.w.24 p.14.s.1.w.25,"  ","  "
WR-P-P-G-0000169222,Handelsreiziger in woord en gebaar," klassieke muziek én de jazzmuziek",op zijn duimpje," . Hij zei : toen",op zijn duim,"VZ(init) VNW(bez,det,stan,vol,3,ev,prenom,zonder,agr) N(soort,ev,dim,onz,stan)",VZ VNW N,,,,,,,,,,,,,,,,,,,,,,,"  ",p.8.s.1.w.35 p.8.s.1.w.36 p.8.s.1.w.37,"  ","  "
WR-P-P-G-0000306306,Hallenaar enige Nederlandstalige gids in Zuid-Frans Aigoual-massief," nu ken ik de streek",op mijn duimpje," Van de occasionele wandelaar tot",op mijn duimpje,"VZ(init) VNW(bez,det,stan,vol,1,ev,prenom,zonder,agr) N(soort,ev,dim,onz,stan)",VZ VNW N,,,,,,,,,,,,,,,,,,,,,,,"  ",p.3.s.3.w.17 p.3.s.3.w.18 p.3.s.3.w.19,"  ","  "
WR-P-P-G-0000489263,Artikel zonder titel," . Frank kent het dorp",op zijn duimpje," , al is het maar",op zijn duim,"VZ(init) VNW(bez,det,stan,vol,3,ev,prenom,zonder,agr) N(soort,ev,dim,onz,stan)",VZ VNW N,,,,,,,,,,,,,,,,,,,,,,,"  ",p.1.s.4.w.5 p.1.s.4.w.6 p.1.s.4.w.7,"  ","  "
WR-P-P-G-0000619240,"""Klaar voor 3-daagse van Axel"," achtertuin en ken het parcours",op mijn duimpje," terwijl het me zeker niet",op mijn duim,"VZ(init) VNW(bez,det,stan,vol,1,ev,prenom,zonder,agr) N(soort,ev,dim,onz,stan)",VZ VNW N,,,,,,,,,,,,,,,,,,,,,,,"  ",p.2.s.9.w.12 p.2.s.9.w.13 p.2.s.9.w.14,"  ","  "
WR-P-P-G-0000203993,De laatste bochten van de Rode Baron," ken het circuit van Francorchamps",op mijn duimpje," . "" Dat is wat",op mijn duim,"VZ(init) VNW(bez,det,stan,vol,1,ev,prenom,zonder,agr) N(soort,ev,dim,onz,stan)",VZ VNW N,,,,,,,,,,,,,,,,,,,,,,,"  ",p.3.s.2.w.7 p.3.s.2.w.8 p.3.s.2.w.9,"  ","  "
WR-P-P-G-0000595737,"""Alles voor Peter Van Petegem"," langs de bochtige Vlaamse kasseiwegeltjes",op zijn duimpje," . "" Het ligt uiteraard",op zijn duim,"VZ(init) VNW(bez,det,stan,vol,3,ev,prenom,zonder,agr) N(soort,ev,dim,onz,stan)",VZ VNW N,,,,,,,,,,,,,,,,,,,,,,,"  ",p.4.s.1.w.17 p.4.s.1.w.18 p.4.s.1.w.19,"  ","  "
WR-P-P-G-0000211011,Van 'gezicht van het kwaad' naar verdachte-af," de rosse buurt in Ipswich",op zijn duimpje," en omschreef zichzelf in een",op zijn duim,"VZ(init) VNW(bez,det,stan,vol,3,ev,prenom,zonder,agr) N(soort,ev,dim,onz,stan)",VZ VNW N,,,,,,,,,,,,,,,,,,,,,,,"  ",p.3.s.1.w.18 p.3.s.1.w.19 p.3.s.1.w.20,"  ","  "
WR-P-P-G-0000441445,Everts gaat voor 100ste GP-zege," Britse rijders kennen dit circuit",op hun duimpje," Lukt het de wereldkampioen in",op hun duimpje,"VZ(init) VNW(bez,det,stan,vol,3,mv,prenom,zonder,agr) N(soort,ev,dim,onz,stan)",VZ VNW N,,,,,,,,,,,,,,,,,,,,,,,"  ",p.1.s.6.w.11 p.1.s.6.w.12 p.1.s.6.w.13,"  ","  "
WR-P-P-G-0000043571,21 Nederlanders in de Limburgse heuvels," : "" Ken het parkoers",op m'n duimpje," . Ik hoop op een",op m'n duim,"VZ(init) VNW(bez,det,stan,red,1,ev,prenom,zonder,agr) N(soort,ev,dim,onz,stan)",VZ VNW N,,,,,,,,,,,,,,,,,,,,,,,"  ",p.4.s.1.w.12 p.4.s.1.w.13 p.4.s.1.w.14,"  ","  "
WR-P-P-G-0000062191,De coup van Giscard," Hij kent de Europese Unie",op zijn duimpje," . ' Giscard heeft wel",op zijn duim,"VZ(init) VNW(bez,det,stan,vol,3,ev,prenom,zonder,agr) N(soort,ev,dim,onz,stan)",VZ VNW N,,,,,,,,,,,,,,,,,,,,,,,"  ",p.5.s.3.w.6 p.5.s.3.w.7 p.5.s.3.w.8,"  ","  "
WR-P-P-G-0000403931,«Nog een bewijs dat ik sterker werd»," Uiteraard ken ik de omloop",op mijn duimpje," . Vorig jaar werd ik",op mijn duim,"VZ(init) VNW(bez,det,stan,vol,1,ev,prenom,zonder,agr) N(soort,ev,dim,onz,stan)",VZ VNW N,,,,,,,,,,,,,,,,,,,,,,,"  ",p.2.s.1.w.6 p.2.s.1.w.7 p.2.s.1.w.8,"  ","  "
WR-P-P-G-0000438393,«Het is wachten op de volgende ontsnapping»," hij kent de Belgische gevangenissen",op z'n duimpje," . Het grote probleem is",op z'n duim,"VZ(init) VNW(bez,det,stan,red,3,ev,prenom,zonder,agr) N(soort,ev,dim,onz,stan)",VZ VNW N,,,,,,,,,,,,,,,,,,,,,,,"  ",p.3.s.1.w.17 p.3.s.1.w.18 p.3.s.1.w.19,"  ","  "
WR-P-P-G-0000661106,Derde titel Gerrit Schellens?," lange afstand kent het parcours",op zijn duimpje," . Vier jaar na elkaar",op zijn duim,"VZ(init) VNW(bez,det,stan,vol,3,ev,prenom,zonder,agr) N(soort,ev,dim,onz,stan)",VZ VNW N,,,,,,,,,,,,,,,,,,,,,,,"  ",p.1.s.3.w.11 p.1.s.3.w.12 p.1.s.3.w.13,"  ","  "
WR-P-P-G-0000247120,Het zijn allemaal lijken!," '' , die de mijn",op zijn duimpje," kent , en zich met",op zijn duim,"VZ(init) VNW(bez,det,stan,vol,3,ev,prenom,zonder,agr) N(soort,ev,dim,onz,stan)",VZ VNW N,,,,,,,,,,,,,,,,,,,,,,,"  ",p.17.s.2.w.22 p.17.s.2.w.23 p.17.s.2.w.24,"  ","  "
WR-P-P-G-0000204849,Oog in oog met DE LAATSTE KANNIBALEN," omgaan en kennen de jungle",op hun duimpje," . "" Was je bang",op hun duim,"VZ(init) VNW(bez,det,stan,vol,3,mv,prenom,zonder,agr) N(soort,ev,dim,onz,stan)",VZ VNW N,,,,,,,,,,,,,,,,,,,,,,,"  ",p.32.s.4.w.16 p.32.s.4.w.17 p.32.s.4.w.18,"  ","  "
WR-P-P-G-0000366718,«Ik heb ze allemaal een dikke sigaar gegeven»," Ternattenaar kende ik de omloop",op mijn duimpje," : een voordeel . Maandag",op mijn duim,"VZ(init) VNW(bez,det,stan,vol,1,ev,prenom,zonder,agr) N(soort,ev,dim,onz,stan)",VZ VNW N,,,,,,,,,,,,,,,,,,,,,,,"  ",p.4.s.4.w.7 p.4.s.4.w.8 p.4.s.4.w.9,"  ","  "
WR-P-P-G-0000488835,Kasbah in Agadir," uit Mechelen , die Marokko",op haar duimpje," kent . De eigenlijke kasbah",op haar duim,"VZ(init) VNW(bez,det,stan,vol,3,ev,prenom,zonder,agr) N(soort,ev,dim,onz,stan)",VZ VNW N,,,,,,,,,,,,,,,,,,,,,,,"  ",p.1.s.1.w.41 p.1.s.1.w.42 p.1.s.1.w.43,"  ","  "
WR-P-P-G-0000150841,Winterkwartier van onze wadvogels," . Hij kent het gebied",op zijn duimpje," . Mbarek werkt al acht",op zijn duim,"VZ(init) VNW(bez,det,stan,vol,3,ev,prenom,zonder,agr) N(soort,ev,dim,onz,stan)",VZ VNW N,,,,,,,,,,,,,,,,,,,,,,,"  ",p.8.s.8.w.5 p.8.s.8.w.6 p.8.s.8.w.7,"  ","  "
WR-P-P-G-0000342344,«Het is mijn wereld niet meer»," . Ik kende die berg",op mijn duimpje," . Ik kan het niet",op mijn duim,"VZ(init) VNW(bez,det,stan,vol,1,ev,prenom,zonder,agr) N(soort,ev,dim,onz,stan)",VZ VNW N,,,,,,,,,,,,,,,,,,,,,,,"  ",p.12.s.2.w.5 p.12.s.2.w.6 p.12.s.2.w.7,"  ","  "
WR-P-P-G-0000402092,«Eerste keer want geen examens meer»," Maar het parkoers ken ik",op mijn duimpje," ( FHN ) ",op mijn duimpje,"VZ(init) VNW(bez,det,stan,vol,1,ev,prenom,zonder,agr) N(soort,ev,dim,onz,stan)",VZ VNW N,,,,,,,,,,,,,,,,,,,,,,,"  ",p.2.s.14.w.6 p.2.s.14.w.7 p.2.s.14.w.8,"  ","  "
WR-P-P-G-0000171642,België houdt biobrandstof op laag pitje," alle wettelijke en technische procedures",op hun duimpje," kennen , kunnen ze geregeld",op hun duim,"VZ(init) VNW(bez,det,stan,vol,3,mv,prenom,zonder,agr) N(soort,ev,dim,onz,stan)",VZ VNW N,,,,,,,,,,,,,,,,,,,,,,,"  ",p.6.s.7.w.8 p.6.s.7.w.9 p.6.s.7.w.10,"  ","  "
WR-P-P-G-0000621083,"""Hoe zwaarder de omloop, hoe leuker voor mij"," . Ik ken de omloop",op mijn duimpje," . Ik tip op Belgisch",op mijn duim,"VZ(init) VNW(bez,det,stan,vol,1,ev,prenom,zonder,agr) N(soort,ev,dim,onz,stan)",VZ VNW N,,,,,,,,,,,,,,,,,,,,,,,"  ",p.3.s.3.w.5 p.3.s.3.w.6 p.3.s.3.w.7,"  ","  "
WR-P-P-G-0000424062,Bart Laeremans gelooft in de eindoverwinning," we de rit naar Affligem",op ons duimpje," . Geert Steurs won er",op ons duim,"VZ(init) VNW(bez,det,stan,vol,1,mv,prenom,zonder,evon) N(soort,ev,dim,onz,stan)",VZ VNW N,,,,,,,,,,,,,,,,,,,,,,,"  ",p.4.s.3.w.8 p.4.s.3.w.9 p.4.s.3.w.10,"  ","  "
WR-P-P-G-0000405685,Thuis-regisseur maakt juniorversie van «De Kreken Spreken»," zij kennen de polders natuurlijk",op hun duimpje," . Daarnaast leende de bekende",op hun duim,"VZ(init) VNW(bez,det,stan,vol,3,mv,prenom,zonder,agr) N(soort,ev,dim,onz,stan)",VZ VNW N,,,,,,,,,,,,,,,,,,,,,,,"  ",p.5.s.4.w.14 p.5.s.4.w.15 p.5.s.4.w.16,"  ","  "
WR-P-P-G-0000638357,Jo Van Eetvelt toch lijsttrekker CD&V/N-VA," te bewandelen wegen in Brussel",op zijn duimpje," . Onder zijn bewind groeide",op zijn duim,"VZ(init) VNW(bez,det,stan,vol,3,ev,prenom,zonder,agr) N(soort,ev,dim,onz,stan)",VZ VNW N,,,,,,,,,,,,,,,,,,,,,,,"  ",p.4.s.2.w.14 p.4.s.2.w.15 p.4.s.2.w.16,"  ","  "
WR-P-P-G-0000636582,"""Bestolen door zigeunerinnen''"," . Griekenland ken ik dus",op mijn duimpje," . Santorini is een vulkanisch",op mijn duim,"VZ(init) VNW(bez,det,stan,vol,1,ev,prenom,zonder,agr) N(soort,ev,dim,onz,stan)",VZ VNW N,,,,,,,,,,,,,,,,,,,,,,,"  ",p.3.s.2.w.5 p.3.s.2.w.6 p.3.s.2.w.7,"  ","  "
WR-P-P-G-0000663288,Drie zeges in acht dagen," ik ken het parcours uiteraard",op mijn duimpje," en overleefde de solo .",op mijn duim,"VZ(init) VNW(bez,det,stan,vol,1,ev,prenom,zonder,agr) N(soort,ev,dim,onz,stan)",VZ VNW N,,,,,,,,,,,,,,,,,,,,,,,"  ",p.2.s.5.w.17 p.2.s.5.w.18 p.2.s.5.w.19,"  ","  "
WR-P-P-G-0000623458,"""Het Hallerbos stal ons hart''"," hebben die het bos haast",op hun duimpje," kennen . Ook mensen die",op hun duim,"VZ(init) VNW(bez,det,stan,vol,3,mv,prenom,zonder,agr) N(soort,ev,dim,onz,stan)",VZ VNW N,,,,,,,,,,,,,,,,,,,,,,,"  ",p.5.s.5.w.19 p.5.s.5.w.20 p.5.s.5.w.21,"  ","  "
WR-P-P-G-0000153312,Dichterbij en toch verderaf," iedere kilometer van het netwerk",op hun duimpje," kenden , kwamen er juristen",op hun duim,"VZ(init) VNW(bez,det,stan,vol,3,mv,prenom,zonder,agr) N(soort,ev,dim,onz,stan)",VZ VNW N,,,,,,,,,,,,,,,,,,,,,,,"  ",p.6.s.6.w.12 p.6.s.6.w.13 p.6.s.6.w.14,"  ","  "
WR-P-P-G-0000188003,Villa Politica maakt uitstapje naar Europees Parlement," Het Europees Parlement kent hij",op zijn duimpje," . "" Het is een",op zijn duim,"VZ(init) VNW(bez,det,stan,vol,3,ev,prenom,zonder,agr) N(soort,ev,dim,onz,stan)",VZ VNW N,,,,,,,,,,,,,,,,,,,,,,,"  ",p.4.s.2.w.6 p.4.s.2.w.7 p.4.s.2.w.8,"  ","  "
WR-P-P-G-0000621081,"""Het wordt ongetwijfeld genieten met vele fans langs parcours"," Block kent het parcours alvast",op zijn duimpje," . "" Ik kijk enorm",op zijn duim,"VZ(init) VNW(bez,det,stan,vol,3,ev,prenom,zonder,agr) N(soort,ev,dim,onz,stan)",VZ VNW N,,,,,,,,,,,,,,,,,,,,,,,"  ",p.2.s.4.w.11 p.2.s.4.w.12 p.2.s.4.w.13,"  ","  "
WR-P-P-G-0000199263,Nicolas Cage," en hij kende het WTC",op zijn duimpje," . Zijn team raakte verstrikt",op zijn duim,"VZ(init) VNW(bez,det,stan,vol,3,ev,prenom,zonder,agr) N(soort,ev,dim,onz,stan)",VZ VNW N,,,,,,,,,,,,,,,,,,,,,,,"  ",p.40.s.4.w.26 p.40.s.4.w.27 p.40.s.4.w.28,"  ","  "
WR-P-P-G-0000183444,'Voor Shakespeare móét je gewoon bewondering hebben'," . Hij kende het theater",op zijn duimpje," , wist wat kon en",op zijn duim,"VZ(init) VNW(bez,det,stan,vol,3,ev,prenom,zonder,agr) N(soort,ev,dim,onz,stan)",VZ VNW N,,,,,,,,,,,,,,,,,,,,,,,"  ",p.21.s.4.w.5 p.21.s.4.w.6 p.21.s.4.w.7,"  ","  "
WR-P-P-G-0000017948,Tien toppers uit de Tourhistorie," toerfietsers organiseerde en de Pyreneeën",op zijn duimpje," kende . Behalve een café",op zijn duim,"VZ(init) VNW(bez,det,stan,vol,3,ev,prenom,zonder,agr) N(soort,ev,dim,onz,stan)",VZ VNW N,,,,,,,,,,,,,,,,,,,,,,,"  ",p.35.s.2.w.38 p.35.s.2.w.39 p.35.s.2.w.40,"  ","  "
WR-P-P-G-0000153377,Verdwalen in vochtige kilte," lichtbron kent hij de weg",op zijn duimpje," . Eeuwenoude graffiti op de",op zijn duim,"VZ(init) VNW(bez,det,stan,vol,3,ev,prenom,zonder,agr) N(soort,ev,dim,onz,stan)",VZ VNW N,,,,,,,,,,,,,,,,,,,,,,,"  ",p.3.s.3.w.8 p.3.s.3.w.9 p.3.s.3.w.10,"  ","  "
WR-P-P-G-0000247186,"""We kennen het achterland beter dan de streek van Breda''"," ? Wij kennen de gemeente",op ons duimpje," : de straatnamen , de",op ons duim,"VZ(init) VNW(bez,det,stan,vol,1,mv,prenom,zonder,evon) N(soort,ev,dim,onz,stan)",VZ VNW N,,,,,,,,,,,,,,,,,,,,,,,"  ",p.9.s.7.w.5 p.9.s.7.w.6 p.9.s.7.w.7,"  ","  "
WR-P-P-G-0000615614,"""Opnieuw hoge ogen gooien"," ken er ondertussen het parcours",op mijn duimpje," . "" Toch vertrek ik",op mijn duim,"VZ(init) VNW(bez,det,stan,vol,1,ev,prenom,zonder,agr) N(soort,ev,dim,onz,stan)",VZ VNW N,,,,,,,,,,,,,,,,,,,,,,,"  ",p.3.s.7.w.7 p.3.s.7.w.8 p.3.s.7.w.9,"  ","  "
WR-P-P-G-0000721386,winterse wandelingen," De organisator kent de bossen",op zijn duimpje," en weet waar de reeën",op zijn duim,"VZ(init) VNW(bez,det,stan,vol,3,ev,prenom,zonder,agr) N(soort,ev,dim,onz,stan)",VZ VNW N,,,,,,,,,,,,,,,,,,,,,,,"  ",p.21.s.2.w.6 p.21.s.2.w.7 p.21.s.2.w.8,"  ","  "
WR-P-P-G-0000698544,"""Alsof ik het resultaat letterlijk kan zien''"," Het huis kent hij duidelijk",op zijn duimpje," en zonder veel problemen installeert",op zijn duim,"VZ(init) VNW(bez,det,stan,vol,3,ev,prenom,zonder,agr) N(soort,ev,dim,onz,stan)",VZ VNW N,,,,,,,,,,,,,,,,,,,,,,,"  ",p.5.s.1.w.6 p.5.s.1.w.7 p.5.s.1.w.8,"  ","  "
WR-P-P-G-0000623859,"""Wind speelt hoofdrol"," Het parcours ken je ongetwijfeld",op je duimpje," ? "" Liedekerke ligt op",op je duim,"VZ(init) VNW(bez,det,stan,red,2v,ev,prenom,zonder,agr) N(soort,ev,dim,onz,stan)",VZ VNW N,,,,,,,,,,,,,,,,,,,,,,,"  ",p.3.s.1.w.6 p.3.s.1.w.7 p.3.s.1.w.8,"  ","  "
WR-P-P-G-0000089393,Vorstelijk beleggen (1)," de wet en het toezicht",op hun duimpje," . Het financiële televisieprogramma RTLZ",op hun duim,"VZ(init) VNW(bez,det,stan,vol,3,mv,prenom,zonder,agr) N(soort,ev,dim,onz,stan)",VZ VNW N,,,,,,,,,,,,,,,,,,,,,,,"  ",p.4.s.5.w.21 p.4.s.5.w.22 p.4.s.5.w.23,"  ","  "
WR-P-P-G-0000675299,Het leven zoals het was...," . Hij kent de buurt",op zijn duimpje," , want hier begon zijn",op zijn duim,"VZ(init) VNW(bez,det,stan,vol,3,ev,prenom,zonder,agr) N(soort,ev,dim,onz,stan)",VZ VNW N,,,,,,,,,,,,,,,,,,,,,,,"  ",p.2.s.3.w.5 p.2.s.3.w.6 p.2.s.3.w.7,"  ","  "
WR-P-P-G-0000071626,Verdrinkmachine," , de jongens kenden hem",op hun duimpje," . Maar nu had het",op hun duim,"VZ(init) VNW(bez,det,stan,vol,3,mv,prenom,zonder,agr) N(soort,ev,dim,onz,stan)",VZ VNW N,,,,,,,,,,,,,,,,,,,,,,,"  ",p.6.s.9.w.23 p.6.s.9.w.24 p.6.s.9.w.25,"  ","  "
WR-P-P-G-0000001751,Bizar," Amstel en het netwerk daaromheen",op zijn duimpje," kent en bij tijd en",op zijn duim,"VZ(init) VNW(bez,det,stan,vol,3,ev,prenom,zonder,agr) N(soort,ev,dim,onz,stan)",VZ VNW N,,,,,,,,,,,,,,,,,,,,,,,"  ",p.2.s.1.w.27 p.2.s.1.w.28 p.2.s.1.w.29,"  ","  "
WR-P-P-G-0000671698,"""Bang van massaspurt"," streekrenner ken je het parcours",op je duimpje," ? Kenny VAN CANNEGEM :",op je duim,"VZ(init) VNW(bez,det,stan,red,2v,ev,prenom,zonder,agr) N(soort,ev,dim,onz,stan)",VZ VNW N,,,,,,,,,,,,,,,,,,,,,,,"  ",p.2.s.1.w.7 p.2.s.1.w.8 p.2.s.1.w.9,"  ","  "
WR-P-P-H-0000127532,Courchevel -- Op goed fortuin," de geschiedenis van het skistation",op haar duimpje," . "" In 1946 kocht",op haar duim,"VZ(init) VNW(bez,det,stan,vol,3,ev,prenom,zonder,agr) N(soort,ev,dim,onz,stan)",VZ VNW N,,,,,,,,,,,,,,,,,,,,,,,"  ",p.16.s.1.w.17 p.16.s.1.w.18 p.16.s.1.w.19,"  ","  "
WR-P-P-G-0000575231,"""Elke renner hunkert naar een knalprestatie"," . Ik ken alle scherprechters",op mijn duimpje," . Mijn basisconditie is goed",op mijn duim,"VZ(init) VNW(bez,det,stan,vol,1,ev,prenom,zonder,agr) N(soort,ev,dim,onz,stan)",VZ VNW N,,,,,,,,,,,,,,,,,,,,,,,"  ",p.4.s.3.w.5 p.4.s.3.w.6 p.4.s.3.w.7,"  ","  "
WR-P-P-G-0000045608,Kampioen uit de geldzorgen," golfcomplex bewoont en de baan",op zijn duimpje," kent , werd zevende .",op zijn duim,"VZ(init) VNW(bez,det,stan,vol,3,ev,prenom,zonder,agr) N(soort,ev,dim,onz,stan)",VZ VNW N,,,,,,,,,,,,,,,,,,,,,,,"  ",p.7.s.2.w.15 p.7.s.2.w.16 p.7.s.2.w.17,"  ","  "
WR-P-P-G-0000382020,Geen ereplaats voor Pajotten in Bodegem," Het parkoers kende ik natuurlijk",op mijn duimpje," , maar die wind was",op mijn duim,"VZ(init) VNW(bez,det,stan,vol,1,ev,prenom,zonder,agr) N(soort,ev,dim,onz,stan)",VZ VNW N,,,,,,,,,,,,,,,,,,,,,,,"  ",p.3.s.3.w.6 p.3.s.3.w.7 p.3.s.3.w.8,"  ","  "
WR-P-P-G-0000218025,Bescheiden imperiumbouwer," président-directeur-général wordt , het huis",op zijn duimpje," kent . Maar zelfs al",op zijn duim,"VZ(init) VNW(bez,det,stan,vol,3,ev,prenom,zonder,agr) N(soort,ev,dim,onz,stan)",VZ VNW N,,,,,,,,,,,,,,,,,,,,,,,"  ",p.5.s.1.w.17 p.5.s.1.w.18 p.5.s.1.w.19,"  ","  "
WR-P-P-G-0000218025,Bescheiden imperiumbouwer," al kent hij de markt",op zijn duimpje," en is hij een handig",op zijn duim,"VZ(init) VNW(bez,det,stan,vol,3,ev,prenom,zonder,agr) N(soort,ev,dim,onz,stan)",VZ VNW N,,,,,,,,,,,,,,,,,,,,,,,"  ",p.6.s.2.w.19 p.6.s.2.w.20 p.6.s.2.w.21,"  ","  "
WR-P-P-G-0000159500,Drama over obsessieve vreetzak pakt erg mager uit," . Elk dieet kent hij",op zijn duimpje," . FOOD COMA is een",op zijn duim,"VZ(init) VNW(bez,det,stan,vol,3,ev,prenom,zonder,agr) N(soort,ev,dim,onz,stan)",VZ VNW N,,,,,,,,,,,,,,,,,,,,,,,"  ",p.4.s.5.w.5 p.4.s.5.w.6 p.4.s.5.w.7,"  ","  "
WR-P-P-G-0000587830,"""Ik train minder"," Ik ken het parcours haast",op mijn duimpje," . Ik zal me op",op mijn duim,"VZ(init) VNW(bez,det,stan,vol,1,ev,prenom,zonder,agr) N(soort,ev,dim,onz,stan)",VZ VNW N,,,,,,,,,,,,,,,,,,,,,,,"  ",p.7.s.2.w.7 p.7.s.2.w.8 p.7.s.2.w.9,"  ","  "
WR-P-P-G-0000197569,Ons koninkrijk voor een paard," hem zelf , kende hem",op mijn duimpje," . Maar we werden gescheiden.",op mijn duim,"VZ(init) VNW(bez,det,stan,vol,1,ev,prenom,zonder,agr) N(soort,ev,dim,onz,stan)",VZ VNW N,,,,,,,,,,,,,,,,,,,,,,,"  ",p.29.s.5.w.8 p.29.s.5.w.9 p.29.s.5.w.10,"  ","  "
WR-P-P-G-0000200827,Nicolas Cage," en hij kende het WTC",op zijn duimpje," . Zijn team raakte verstrikt",op zijn duim,"VZ(init) VNW(bez,det,stan,vol,3,ev,prenom,zonder,agr) N(soort,ev,dim,onz,stan)",VZ VNW N,,,,,,,,,,,,,,,,,,,,,,,"  ",p.40.s.4.w.26 p.40.s.4.w.27 p.40.s.4.w.28,"  ","  "
WR-P-P-G-0000398934,Cafetaria Baljuwhuis staat niet langer droog," Galmaarden , kent de gemeente",op zijn duimpje," en is ook nog jeugdtrainer",op zijn duim,"VZ(init) VNW(bez,det,stan,vol,3,ev,prenom,zonder,agr) N(soort,ev,dim,onz,stan)",VZ VNW N,,,,,,,,,,,,,,,,,,,,,,,"  ",p.5.s.3.w.10 p.5.s.3.w.11 p.5.s.3.w.12,"  ","  "
WR-P-P-H-0000038500,CAPTIVES Opwaardering van het netwerk bij Peugeot Fleet," merk en onze eisen dus",op hun duimpje," . Centraal in de filosofie",op hun duim,"VZ(init) VNW(bez,det,stan,vol,3,mv,prenom,zonder,agr) N(soort,ev,dim,onz,stan)",VZ VNW N,,,,,,,,,,,,,,,,,,,,,,,"  ",p.6.s.5.w.9 p.6.s.5.w.10 p.6.s.5.w.11,"  ","  "
WS-U-E-A-0000000247,Unspecified," De daders blijken het gebouw",op hun duimpje," te kennen . Binnen in",op hun duim,"VZ(init) VNW(bez,det,stan,vol,3,mv,prenom,zonder,agr) N(soort,ev,dim,onz,stan)",VZ VNW N,,,,,,,,,,,,,,,,,,,,,,,"  ",p.7.s.6.w.11 p.7.s.6.w.12 p.7.s.6.w.13,"  ","  "
WS-U-E-A-0000000152,Unspecified," stuur - die de stad",op haar duimpje," kent - is het zoeken",op haar duim,"VZ(init) VNW(bez,det,stan,vol,3,ev,prenom,zonder,agr) N(soort,ev,dim,onz,stan)",VZ VNW N,,,,,,,,,,,,,,,,,,,,,,,"  ",p.37.s.2.w.15 p.37.s.2.w.16 p.37.s.2.w.17,"  ","  "
WS-U-T-B-0000000295,Unspecified," kende ik station Den Bosch",op mijn duimpje," . Ik voelde precies aan",op mijn duim,"VZ(init) VNW(bez,det,stan,vol,1,ev,prenom,zonder,agr) N(soort,ev,dim,onz,stan)",VZ VNW N,,,,,,,,,,,,,,,,,,,,,,,"  ",p.10.s.8.w.11 p.10.s.8.w.12 p.10.s.8.w.13,"  ","  "
