"","idiom_id","doc_id","doc_name","left_context","idiom_found","right_context","idiom_lemma","pos","pos_head","xml_id","with_verb","verb","amountofnouns","id","doc_type","doc_type_name","sentenceid","most_common_lemma","idiom_length_orig","idiom_length_this"
"2758",12,"WR-P-E-G-0000005446","Subtitles for Zeppos II (8)"," Ja . Je kunt evengoed","water naar de zee"," dragen . Zijn jullie daarvoor","water naar de zee","N(soort,ev,basis,onz,stan) VZ(init) LID(bep,stan,rest) N(soort,ev,basis,zijd,stan)","N VZ LID N","p.43.s.1.w.4 p.43.s.1.w.5 p.43.s.1.w.6 p.43.s.1.w.7",1,"dragen",2,18852,"WR-P-E-G","subtitles","WR-P-E-G-0000005446-p.43.s.1","water naar de zee dragen",5,5
"2759",12,"WR-P-E-A-0000552614","Aantal vreemdelingen in België nog nooit zo hoog"," doet ? t ' is","water naar de zee"," dragen immers . ","water naar de zee","N(soort,ev,basis,onz,stan) VZ(init) LID(bep,stan,rest) N(soort,ev,basis,zijd,stan)","N VZ LID N","p.4.s.1.w.4 p.4.s.1.w.5 p.4.s.1.w.6 p.4.s.1.w.7",1,"dragen",2,18853,"WR-P-E-A","discussion lists","WR-P-E-A-0000552614-p.4.s.1","water naar de zee dragen",5,5
"2760",12,"WR-P-E-A-0000896298","Onleefbaarheid Vlaanderen : Carrefour sluiten vestigingen door onveiligheid burgers"," oorzaken doen , blijft het","water naar de zee"," dragen . ","water naar de zee","N(soort,ev,basis,onz,stan) VZ(init) LID(bep,stan,rest) N(soort,ev,basis,zijd,stan)","N VZ LID N","p.5.s.2.w.28 p.5.s.2.w.29 p.5.s.2.w.30 p.5.s.2.w.31",1,"dragen",2,18854,"WR-P-E-A","discussion lists","WR-P-E-A-0000896298-p.5.s.2","water naar de zee dragen",5,5
"2761",12,"WR-P-E-A-0000754565","Hoezo onze vrijheid in gevaar?"," uit . Het is als","water naar de zee"," dragen . Zoals ik al","water naar de zee","N(soort,ev,basis,onz,stan) VZ(init) LID(bep,stan,rest) N(soort,ev,basis,zijd,stan)","N VZ LID N","p.2.s.5.w.4 p.2.s.5.w.5 p.2.s.5.w.6 p.2.s.5.w.7",1,"dragen",2,18855,"WR-P-E-A","discussion lists","WR-P-E-A-0000754565-p.2.s.5","water naar de zee dragen",5,5
"2762",12,"WR-P-E-L-0000000565","Unspecified"," . Dat is dus geen","water naar de zee"," dragen :) Nu bij het","water naar de zee","N(soort,ev,basis,onz,stan) VZ(init) LID(bep,stan,rest) N(soort,ev,basis,zijd,stan)","N VZ LID N","text.1.event.1517.s.3.w.5 text.1.event.1517.s.3.w.6 text.1.event.1517.s.3.w.7 text.1.event.1517.s.3.w.8",1,"dragen",2,18856,"WR-P-E-L","tweets","WR-P-E-L-0000000565-text.1.event.1517.s.3","water naar de zee dragen",5,5
"2763",12,"WR-P-E-L-0000000271","Unspecified"," Minister Schippers blijft goed bedoeld","water naar de zee"," dragen http://t.co/vtpjiyP via @2Miljoen #Gnome","water naar de zee","N(soort,ev,basis,onz,stan) VZ(init) LID(bep,stan,rest) N(soort,ev,basis,zijd,stan)","N VZ LID N","text.1.event.924.s.1.w.6 text.1.event.924.s.1.w.7 text.1.event.924.s.1.w.8 text.1.event.924.s.1.w.9",1,"dragen",2,18857,"WR-P-E-L","tweets","WR-P-E-L-0000000271-text.1.event.924.s.1","water naar de zee dragen",5,5
"2764",12,"WR-P-P-G-0000118081","Chaos"," maar toch een gevalletje van","water naar de zee"," dragen . Minister Zalm vindt","water naar de zee","N(soort,ev,basis,onz,stan) VZ(init) LID(bep,stan,rest) N(soort,ev,basis,zijd,stan)","N VZ LID N","p.2.s.2.w.9 p.2.s.2.w.10 p.2.s.2.w.11 p.2.s.2.w.12",1,"dragen",2,18858,"WR-P-P-G","newspapers","WR-P-P-G-0000118081-p.2.s.2","water naar de zee dragen",5,5
"2765",12,"WR-P-E-L-0000000604","Unspecified"," leenstelsel juist bedoeld om geen","water naar de zee"," te dragen ! Hier pak","water naar de zee","N(soort,ev,basis,onz,stan) VZ(init) LID(bep,stan,rest) N(soort,ev,basis,zijd,stan)","N VZ LID N","text.1.event.2486.s.2.w.7 text.1.event.2486.s.2.w.8 text.1.event.2486.s.2.w.9 text.1.event.2486.s.2.w.10",1,"dragen",2,18859,"WR-P-E-L","tweets","WR-P-E-L-0000000604-text.1.event.2486.s.2","water naar de zee dragen",5,5
"2766",12,"WR-P-E-L-0000000106","Unspecified"," accu á 96 euro !","Water naar de zee"," dragen ? http://twitpic.com/kcmxc Autocentrum Rosmalen","water naar de zee","N(soort,ev,basis,onz,stan) VZ(init) LID(bep,stan,rest) N(soort,ev,basis,zijd,stan)","N VZ LID N","text.1.event.767.s.2.w.1 text.1.event.767.s.2.w.2 text.1.event.767.s.2.w.3 text.1.event.767.s.2.w.4",1,"dragen",2,18860,"WR-P-E-L","tweets","WR-P-E-L-0000000106-text.1.event.767.s.2","water naar de zee dragen",5,5
"2767",12,"WR-P-P-G-0000650921","De Spaanse invasie"," dan zal er nog veel","water naar de zee"," gedragen moeten worden . Dat","water naar de zee","N(soort,ev,basis,onz,stan) VZ(init) LID(bep,stan,rest) N(soort,ev,basis,zijd,stan)","N VZ LID N","p.10.s.1.w.15 p.10.s.1.w.16 p.10.s.1.w.17 p.10.s.1.w.18",1,"dragen",2,18861,"WR-P-P-G","newspapers","WR-P-P-G-0000650921-p.10.s.1","water naar de zee dragen",5,5
"2768",12,"WR-P-P-H-0000148951","Vuurtoren"," mer ( Het koninkrijk dat","water naar de zee"," draagt -- Uitg. Autrement )","water naar de zee","N(soort,ev,basis,onz,stan) VZ(init) LID(bep,stan,rest) N(soort,ev,basis,zijd,stan)","N VZ LID N","p.4.s.2.w.13 p.4.s.2.w.14 p.4.s.2.w.15 p.4.s.2.w.16",1,"dragen",2,18862,"WR-P-P-H","periodicals magazines","WR-P-P-H-0000148951-p.4.s.2","water naar de zee dragen",5,5
"2769",12,"WR-P-P-H-0000075044","Lasten zonder lusten"," lastenvermindering "" water en veel","water naar de zee"," dragen "" . En :","water naar de zee","N(soort,ev,basis,onz,stan) VZ(init) LID(bep,stan,rest) N(soort,ev,basis,zijd,stan)","N VZ LID N","p.7.s.4.w.12 p.7.s.4.w.13 p.7.s.4.w.14 p.7.s.4.w.15",1,"dragen",2,18863,"WR-P-P-H","periodicals magazines","WR-P-P-H-0000075044-p.7.s.4","water naar de zee dragen",5,5
"2770",12,"WR-P-P-H-0000118451","Haven - Seizoen 1"," . ' Dat is als","water naar de zee"," dragen. ' ) , alleen","water naar de zee","N(soort,ev,basis,onz,stan) VZ(init) LID(bep,stan,rest) N(soort,ev,basis,zijd,stan)","N VZ LID N","p.8.s.3.w.5 p.8.s.3.w.6 p.8.s.3.w.7 p.8.s.3.w.8",1,"dragen",2,18864,"WR-P-P-H","periodicals magazines","WR-P-P-H-0000118451-p.8.s.3","water naar de zee dragen",5,5
"2771",12,"WR-P-P-H-0000146942","Opinie -- Water naar de zee"," onverantwoorde bonussen . Dat is","water naar de zee"," dragen . Dergelijke subsidies zouden","water naar de zee","N(soort,ev,basis,onz,stan) VZ(init) LID(bep,stan,rest) N(soort,ev,basis,zijd,stan)","N VZ LID N","p.5.s.4.w.3 p.5.s.4.w.4 p.5.s.4.w.5 p.5.s.4.w.6",1,"dragen",2,18865,"WR-P-P-H","periodicals magazines","WR-P-P-H-0000146942-p.5.s.4","water naar de zee dragen",5,5
"2772",12,"WR-P-P-H-0000167707","Pleidooi voor ontherfking"," inderdaad in een aantal gevallen","water naar de zee"," dragen was , stortten zowel","water naar de zee","N(soort,ev,basis,onz,stan) VZ(init) LID(bep,stan,rest) N(soort,ev,basis,zijd,stan)","N VZ LID N","p.1.s.1.w.14 p.1.s.1.w.15 p.1.s.1.w.16 p.1.s.1.w.17",1,"dragen",2,18866,"WR-P-P-H","periodicals magazines","WR-P-P-H-0000167707-p.1.s.1","water naar de zee dragen",5,5
"2773",12,"WR-P-P-H-0000174381","Profiel: Wim Duisenberg"," komt interveniëren immers neer op","water naar de zee"," dragen . Voorts zei Duisenberg","water naar de zee","N(soort,ev,basis,onz,stan) VZ(init) LID(bep,stan,rest) N(soort,ev,basis,zijd,stan)","N VZ LID N","p.7.s.5.w.10 p.7.s.5.w.11 p.7.s.5.w.12 p.7.s.5.w.13",1,"dragen",2,18867,"WR-P-P-H","periodicals magazines","WR-P-P-H-0000174381-p.7.s.5","water naar de zee dragen",5,5
"2774",12,"WR-P-P-H-0000122063","Cultuur"," . Er wordt dus geen","water naar de zee"," gedragen en wij betalen geen","water naar de zee","N(soort,ev,basis,onz,stan) VZ(init) LID(bep,stan,rest) N(soort,ev,basis,zijd,stan)","N VZ LID N","p.4.s.11.w.5 p.4.s.11.w.6 p.4.s.11.w.7 p.4.s.11.w.8",1,"dragen",2,18868,"WR-P-P-H","periodicals magazines","WR-P-P-H-0000122063-p.4.s.11","water naar de zee dragen",5,5
"2775",12,"WR-P-P-G-0000136519","Inval"," besef dat dit soort acties","water naar de zee"," dragen is ? En onzinnig","water naar de zee","N(soort,ev,basis,onz,stan) VZ(init) LID(bep,stan,rest) N(soort,ev,basis,zijd,stan)","N VZ LID N","p.1.s.5.w.13 p.1.s.5.w.14 p.1.s.5.w.15 p.1.s.5.w.16",1,"dragen",2,18869,"WR-P-P-G","newspapers","WR-P-P-G-0000136519-p.1.s.5","water naar de zee dragen",5,5
"2776",12,"WR-P-P-G-0000703928","Project"," de clubs gelijk staan met","water naar de zee"," dragen . Bovenal is een","water naar de zee","N(soort,ev,basis,onz,stan) VZ(init) LID(bep,stan,rest) N(soort,ev,basis,zijd,stan)","N VZ LID N","p.10.s.3.w.19 p.10.s.3.w.20 p.10.s.3.w.21 p.10.s.3.w.22",1,"dragen",2,18870,"WR-P-P-G","newspapers","WR-P-P-G-0000703928-p.10.s.3","water naar de zee dragen",5,5
"2777",12,"WR-P-P-G-0000057983","Minder misdrijven in Utrecht, maar meer meldingen geweld"," laten vallen , is het","water naar de zee"," dragen . '' Door een","water naar de zee","N(soort,ev,basis,onz,stan) VZ(init) LID(bep,stan,rest) N(soort,ev,basis,zijd,stan)","N VZ LID N","p.7.s.3.w.10 p.7.s.3.w.11 p.7.s.3.w.12 p.7.s.3.w.13",1,"dragen",2,18871,"WR-P-P-G","newspapers","WR-P-P-G-0000057983-p.7.s.3","water naar de zee dragen",5,5
"2778",12,"WR-P-P-G-0000113446","Inburgering imams dient meer de politiek dan de integratie"," hen is zo'n opleiding '","water naar de zee"," dragen . ' Volgens Blessing","water naar de zee","N(soort,ev,basis,onz,stan) VZ(init) LID(bep,stan,rest) N(soort,ev,basis,zijd,stan)","N VZ LID N","p.6.s.3.w.7 p.6.s.3.w.8 p.6.s.3.w.9 p.6.s.3.w.10",1,"dragen",2,18872,"WR-P-P-G","newspapers","WR-P-P-G-0000113446-p.6.s.3","water naar de zee dragen",5,5
"2779",12,"WR-P-P-G-0000719663","""Ik reken op mijn brede spelerskern''"," werken aan ons positiespel geen","water naar de zee"," dragen . Deze groep kan","water naar de zee","N(soort,ev,basis,onz,stan) VZ(init) LID(bep,stan,rest) N(soort,ev,basis,zijd,stan)","N VZ LID N","p.3.s.4.w.8 p.3.s.4.w.9 p.3.s.4.w.10 p.3.s.4.w.11",1,"dragen",2,18873,"WR-P-P-G","newspapers","WR-P-P-G-0000719663-p.3.s.4","water naar de zee dragen",5,5
"2780",12,"WR-P-P-G-0000174008","ter vergelijking: Welke subsidie krijgt rock van eigen bodem?"," hebben , anders draag je","water naar de zee"," . Tot voor kort kreeg","water naar de zee","N(soort,ev,basis,onz,stan) VZ(init) LID(bep,stan,rest) N(soort,ev,basis,zijd,stan)","N VZ LID N","p.1.s.4.w.15 p.1.s.4.w.16 p.1.s.4.w.17 p.1.s.4.w.18",1,"dragen",2,18874,"WR-P-P-G","newspapers","WR-P-P-G-0000174008-p.1.s.4","water naar de zee dragen",5,5
"2781",12,"WR-P-P-G-0000147211","Rechtvaardigheid is mijn drijfveer'"," al snel achter dat dit","water naar de zee"," dragen was . Ik had","water naar de zee","N(soort,ev,basis,onz,stan) VZ(init) LID(bep,stan,rest) N(soort,ev,basis,zijd,stan)","N VZ LID N","p.4.s.1.w.14 p.4.s.1.w.15 p.4.s.1.w.16 p.4.s.1.w.17",1,"dragen",2,18875,"WR-P-P-G","newspapers","WR-P-P-G-0000147211-p.4.s.1","water naar de zee dragen",5,5
"2782",12,"WR-P-P-G-0000586354","""Voetbalbond mag uiteraard schorsen''"," draagt hij dan alleen maar","water naar de zee"," ? "" Ja "" ,","water naar de zee","N(soort,ev,basis,onz,stan) VZ(init) LID(bep,stan,rest) N(soort,ev,basis,zijd,stan)","N VZ LID N","p.1.s.1.w.13 p.1.s.1.w.14 p.1.s.1.w.15 p.1.s.1.w.16",1,"dragen",2,18876,"WR-P-P-G","newspapers","WR-P-P-G-0000586354-p.1.s.1","water naar de zee dragen",5,5
"2783",12,"WR-P-P-G-0000107822","Schouten"," drassig land . Een beetje","water naar de zee"," dragen want in Mozambique is","water naar de zee","N(soort,ev,basis,onz,stan) VZ(init) LID(bep,stan,rest) N(soort,ev,basis,zijd,stan)","N VZ LID N","p.2.s.1.w.3 p.2.s.1.w.4 p.2.s.1.w.5 p.2.s.1.w.6",1,"dragen",2,18877,"WR-P-P-G","newspapers","WR-P-P-G-0000107822-p.2.s.1","water naar de zee dragen",5,5
"2784",12,"WR-P-P-G-0000142652","KNVB ontbiedt bestuur armlastig Vitesse"," club , maar het is","water naar de zee"," dragen . Als het bedrijfsleven","water naar de zee","N(soort,ev,basis,onz,stan) VZ(init) LID(bep,stan,rest) N(soort,ev,basis,zijd,stan)","N VZ LID N","p.12.s.4.w.14 p.12.s.4.w.15 p.12.s.4.w.16 p.12.s.4.w.17",1,"dragen",2,18878,"WR-P-P-G","newspapers","WR-P-P-G-0000142652-p.12.s.4","water naar de zee dragen",5,5
"2785",12,"WR-P-P-G-0000069711","Drugskoerier niet tegen te houden"," meer het gevoel dat we","water naar de zee"," dragen . Je hebt smokkelaars","water naar de zee","N(soort,ev,basis,onz,stan) VZ(init) LID(bep,stan,rest) N(soort,ev,basis,zijd,stan)","N VZ LID N","p.6.s.2.w.14 p.6.s.2.w.15 p.6.s.2.w.16 p.6.s.2.w.17",1,"dragen",2,18879,"WR-P-P-G","newspapers","WR-P-P-G-0000069711-p.6.s.2","water naar de zee dragen",5,5
"2786",12,"WR-P-P-G-0000115203","Woordenboek Nederlands-Arabisch"," Basra brengen betekent bij ons","water naar de zee"," dragen . '' Daarnaast moest","water naar de zee","N(soort,ev,basis,onz,stan) VZ(init) LID(bep,stan,rest) N(soort,ev,basis,zijd,stan)","N VZ LID N","p.6.s.2.w.8 p.6.s.2.w.9 p.6.s.2.w.10 p.6.s.2.w.11",1,"dragen",2,18880,"WR-P-P-G","newspapers","WR-P-P-G-0000115203-p.6.s.2","water naar de zee dragen",5,5
"2787",12,"WR-P-P-G-0000658435","Naar zee met Sabine"," dat dit net was als","water naar de zee"," dragen . "" Veel mensen","water naar de zee","N(soort,ev,basis,onz,stan) VZ(init) LID(bep,stan,rest) N(soort,ev,basis,zijd,stan)","N VZ LID N","p.4.s.6.w.12 p.4.s.6.w.13 p.4.s.6.w.14 p.4.s.6.w.15",1,"dragen",2,18881,"WR-P-P-G","newspapers","WR-P-P-G-0000658435-p.4.s.6","water naar de zee dragen",5,5
"2788",12,"WR-P-P-G-0000125303","Grotere kwaliteit door 'Werken met baby's'"," de opdracht het gezegde '","water naar de zee"," dragen ' te tekenen .","water naar de zee","N(soort,ev,basis,onz,stan) VZ(init) LID(bep,stan,rest) N(soort,ev,basis,zijd,stan)","N VZ LID N","p.5.s.3.w.8 p.5.s.3.w.9 p.5.s.3.w.10 p.5.s.3.w.11",1,"dragen",2,18882,"WR-P-P-G","newspapers","WR-P-P-G-0000125303-p.5.s.3","water naar de zee dragen",5,5
"2789",12,"WR-P-P-G-0000128808","Newcastle stoft het kolengruis van zich af en poetst zich op tot 'stad van de kunst'. Dat willen we zien."," brengen ' gold als '","water naar de zee"," dragen ' . Iedereen wist","water naar de zee","N(soort,ev,basis,onz,stan) VZ(init) LID(bep,stan,rest) N(soort,ev,basis,zijd,stan)","N VZ LID N","p.2.s.3.w.12 p.2.s.3.w.13 p.2.s.3.w.14 p.2.s.3.w.15",1,"dragen",2,18883,"WR-P-P-G","newspapers","WR-P-P-G-0000128808-p.2.s.3","water naar de zee dragen",5,5
"2790",12,"WR-P-P-G-0000048901","'De LPF heeft niets nieuws in te brengen'"," . Zijn waterdragers dragen slechts","water naar de zee"," . De LPF heeft niets","water naar de zee","N(soort,ev,basis,onz,stan) VZ(init) LID(bep,stan,rest) N(soort,ev,basis,zijd,stan)","N VZ LID N","p.8.s.3.w.5 p.8.s.3.w.6 p.8.s.3.w.7 p.8.s.3.w.8",1,"dragen",2,18884,"WR-P-P-G","newspapers","WR-P-P-G-0000048901-p.8.s.3","water naar de zee dragen",5,5
"2791",12,"WR-P-P-G-0000634010","Niet alle water is even"," , maar dan draag je","water naar de zee"," . Magnesium haal je vooral","water naar de zee","N(soort,ev,basis,onz,stan) VZ(init) LID(bep,stan,rest) N(soort,ev,basis,zijd,stan)","N VZ LID N","p.14.s.3.w.42 p.14.s.3.w.43 p.14.s.3.w.44 p.14.s.3.w.45",1,"dragen",2,18885,"WR-P-P-G","newspapers","WR-P-P-G-0000634010-p.14.s.3","water naar de zee dragen",5,5
"2792",12,"WR-P-P-G-0000263980","OOK VANDEREYCKEN BLIJKT GEEN WONDERDOKTER"," de clubs gelijk staan met","water naar de zee"," dragen . Bovenal is een","water naar de zee","N(soort,ev,basis,onz,stan) VZ(init) LID(bep,stan,rest) N(soort,ev,basis,zijd,stan)","N VZ LID N","p.14.s.2.w.13 p.14.s.2.w.14 p.14.s.2.w.15 p.14.s.2.w.16",1,"dragen",2,18886,"WR-P-P-G","newspapers","WR-P-P-G-0000263980-p.14.s.2","water naar de zee dragen",5,5
"2793",12,"WR-P-P-G-0000568578","Muzikaal vertier tussen meisjes van plezier"," straat komen lijkt misschien wel","water naar de zee"," dragen , maar de toon","water naar de zee","N(soort,ev,basis,onz,stan) VZ(init) LID(bep,stan,rest) N(soort,ev,basis,zijd,stan)","N VZ LID N","p.3.s.3.w.12 p.3.s.3.w.13 p.3.s.3.w.14 p.3.s.3.w.15",1,"dragen",2,18887,"WR-P-P-G","newspapers","WR-P-P-G-0000568578-p.3.s.3","water naar de zee dragen",5,5
"2794",12,"WR-P-P-G-0000619152","""Die spuitjes doen pijn, maar ze redden hun leven''"," dit soort hulpverlening is als","water naar de zee"," dragen , dan moet je","water naar de zee","N(soort,ev,basis,onz,stan) VZ(init) LID(bep,stan,rest) N(soort,ev,basis,zijd,stan)","N VZ LID N","p.9.s.3.w.11 p.9.s.3.w.12 p.9.s.3.w.13 p.9.s.3.w.14",1,"dragen",2,18888,"WR-P-P-G","newspapers","WR-P-P-G-0000619152-p.9.s.3","water naar de zee dragen",5,5
"2795",12,"WR-P-P-G-0000252758","Demotte brengt partners in verwarring"," De TBW noemt D'hondt ""","water naar de zee"," dragen '' omdat veel werkgevers","water naar de zee","N(soort,ev,basis,onz,stan) VZ(init) LID(bep,stan,rest) N(soort,ev,basis,zijd,stan)","N VZ LID N","p.10.s.6.w.6 p.10.s.6.w.7 p.10.s.6.w.8 p.10.s.6.w.9",1,"dragen",2,18889,"WR-P-P-G","newspapers","WR-P-P-G-0000252758-p.10.s.6","water naar de zee dragen",5,5
"2796",12,"WR-P-P-I-0000000362","Overeenkomst inzake wetenschappelijke entechnische samenwerking EG/Israël"," evenals in Angola is het","water naar de zee"," dragen , weggegooid geld .","water naar de zee","N(soort,ev,basis,onz,stan) VZ(init) LID(bep,stan,rest) N(soort,ev,basis,zijd,stan)","N VZ LID N","p.416.s.2.w.42 p.416.s.2.w.43 p.416.s.2.w.44 p.416.s.2.w.45",1,"dragen",2,18890,"WR-P-P-I","policy documents","WR-P-P-I-0000000362-p.416.s.2","water naar de zee dragen",5,5
"19062",74,"WR-P-P-G-0000230029","Dood omdat ze vrouw zijn"," onderzoeken naar de moorden ook","in het honderd"," lopen . "" Bewijzen of","in het honderd","VZ(init) LID(bep,stan,evon) N(soort,ev,basis,onz,stan)","VZ LID N","p.16.s.1.w.14 p.16.s.1.w.15 p.16.s.1.w.16",1,"lopen",1,19062,"WR-P-P-G","newspapers","WR-P-P-G-0000230029-p.16.s.1","in het honderd lopen",4,4
"19086",74,"WR-P-P-G-0000503840","Verhuis van 't Meibloempje uit de Kring is definitief"," gaat de klucht Het loopt","in 't honderd"," in première bij de Zottegemse","in het honderd","VZ(init) LID(bep,stan,evon) TW(hoofd,vrij)","VZ LID TW","p.2.s.1.w.10 p.2.s.1.w.11 p.2.s.1.w.12",1,"lopen",0,19086,"WR-P-P-G","newspapers","WR-P-P-G-0000503840-p.2.s.1","in het honderd lopen",4,4
"19052",74,"WR-P-P-G-0000683027","Parkeerprobleem schuld van bouwfirma's"," Daardoor loopt de situatie bovengronds","in het honderd"," . Vooral de zwakke weggebruiker","in het honderd","VZ(init) LID(bep,stan,evon) TW(hoofd,vrij)","VZ LID TW","p.2.s.5.w.6 p.2.s.5.w.7 p.2.s.5.w.8",1,"lopen",0,19052,"WR-P-P-G","newspapers","WR-P-P-G-0000683027-p.2.s.5","in het honderd lopen",4,4
"19082",74,"WR-P-P-G-0000278662","Oliespoor veroorzaakt verkeerschaos"," heeft gisteravond de avondspits compleet","in het honderd"," doen lopen . Een vrachtwagen","in het honderd","VZ(init) LID(bep,stan,evon) TW(hoofd,nom,zonder-n,basis)","VZ LID TW","p.2.s.1.w.15 p.2.s.1.w.16 p.2.s.1.w.17",1,"lopen",0,19082,"WR-P-P-G","newspapers","WR-P-P-G-0000278662-p.2.s.1","in het honderd lopen",4,4
"18983",74,"WR-P-P-H-0000041333","De echte liberalisering"," wordt gestuurd , loopt het","in het honderd"," . De Europese Commissie zegt","in het honderd","VZ(init) LID(bep,stan,evon) TW(hoofd,vrij)","VZ LID TW","p.3.s.3.w.28 p.3.s.3.w.29 p.3.s.3.w.30",1,"lopen",0,18983,"WR-P-P-H","periodicals magazines","WR-P-P-H-0000041333-p.3.s.3","in het honderd lopen",4,4
"19107",74,"WR-P-P-G-0000039563","Gerbrands laat langebaanploeg van DSB stikken"," maatschappelijke klus na zijn volleybalcarrière","in het honderd"," heeft laten lopen . Gisteren","in het honderd","VZ(init) LID(bep,stan,evon) TW(hoofd,prenom,stan)","VZ LID TW","p.1.s.1.w.30 p.1.s.1.w.31 p.1.s.1.w.32",1,"lopen",0,19107,"WR-P-P-G","newspapers","WR-P-P-G-0000039563-p.1.s.1","in het honderd lopen",4,4
"18942",74,"WR-P-P-B-0000000145","Zussen"," En hij had de boel","in het honderd"," laten lopen . Amelia was","in het honderd","VZ(init) LID(bep,stan,evon) TW(hoofd,nom,zonder-n,basis)","VZ LID TW","p.1468.s.3.w.6 p.1468.s.3.w.7 p.1468.s.3.w.8",1,"lopen",0,18942,"WR-P-P-B","books","WR-P-P-B-0000000145-p.1468.s.3","in het honderd lopen",4,4
"19061",74,"WR-P-P-G-0000067145","Een systeem breken"," asielzoekers ( ama's ) volkomen","in het honderd"," loopt . Het gaat hier","in het honderd","VZ(init) LID(bep,stan,evon) N(soort,ev,basis,zijd,stan)","VZ LID N","p.5.s.1.w.25 p.5.s.1.w.26 p.5.s.1.w.27",1,"lopen",1,19061,"WR-P-P-G","newspapers","WR-P-P-G-0000067145-p.5.s.1","in het honderd lopen",4,4
"18973",74,"WR-P-P-H-0000076468","De worm zit in het systeem"," werkorganisatie en met name de","in het honderd"," gelopen invoering van zaterdagwerk .","in het honderd","VZ(init) LID(bep,stan,evon) TW(hoofd,nom,zonder-n,basis)","VZ LID TW","p.7.s.1.w.18 p.7.s.1.w.19 p.7.s.1.w.20",1,"lopen",0,18973,"WR-P-P-H","periodicals magazines","WR-P-P-H-0000076468-p.7.s.1","in het honderd lopen",4,4
"18976",74,"WR-P-P-H-0000140576","de stand van het ondernemersland"," de internationale supply chain niet","in het honderd"," te laten lopen . Ik","in het honderd","VZ(init) LID(bep,stan,evon) TW(hoofd,vrij)","VZ LID TW","p.20.s.20.w.22 p.20.s.20.w.23 p.20.s.20.w.24",1,"lopen",0,18976,"WR-P-P-H","periodicals magazines","WR-P-P-H-0000140576-p.20.s.20","in het honderd lopen",4,4
"19005",74,"WR-P-P-H-0000037780","Tafelen"," een raskomiek die onverstoorbaar alles","in het honderd"," laat lopen . Zonder een","in het honderd","VZ(init) LID(bep,stan,evon) TW(hoofd,prenom,stan)","VZ LID TW","p.2.s.9.w.29 p.2.s.9.w.30 p.2.s.9.w.31",1,"lopen",0,19005,"WR-P-P-H","periodicals magazines","WR-P-P-H-0000037780-p.2.s.9","in het honderd lopen",4,4
"18994",74,"WR-P-P-H-0000000265","Unspecified"," Kortom , de dingen lopen","in het honderd"," . Een vervelende bijkomstigheid staat","in het honderd","VZ(init) LID(bep,stan,evon) TW(hoofd,vrij)","VZ LID TW","p.7.s.5.w.6 p.7.s.5.w.7 p.7.s.5.w.8",1,"lopen",0,18994,"WR-P-P-H","periodicals magazines","WR-P-P-H-0000000265-p.7.s.5","in het honderd lopen",4,4
"19047",74,"WR-P-P-G-0000399525","Fietsfeestje loopt in het honderd na communicatiefout","Fietsfeestje loopt","in het honderd"," na communicatiefout Leuven / Hageland","in het honderd","VZ(init) LID(bep,stan,evon) TW(hoofd,vrij)","VZ LID TW","head.1.s.1.w.3 head.1.s.1.w.4 head.1.s.1.w.5",1,"lopen",0,19047,"WR-P-P-G","newspapers","WR-P-P-G-0000399525-head.1.s.1","in het honderd lopen",4,4
"19123",74,"WR-P-P-G-0000211262","Verlaat de gevangenis zonder betalen"," monopoly . Het spel loopt","in het honderd"," , omdat iemand de kaart","in het honderd","VZ(init) LID(bep,stan,evon) TW(hoofd,prenom,stan)","VZ LID TW","p.8.s.2.w.4 p.8.s.2.w.5 p.8.s.2.w.6",1,"lopen",0,19123,"WR-P-P-G","newspapers","WR-P-P-G-0000211262-p.8.s.2","in het honderd lopen",4,4
"19154",74,"WS-U-E-A-0000284750","Spoorwegen"," rond het Leuvense is helemaal","in het honderd"," gelopen . Verschillende honderden mensen","in het honderd","VZ(init) LID(bep,stan,evon) TW(hoofd,nom,zonder-n,basis)","VZ LID TW","p.1.s.1.w.11 p.1.s.1.w.12 p.1.s.1.w.13",1,"lopen",0,19154,"WS-U-E-A","auto cues","WS-U-E-A-0000284750-p.1.s.1","in het honderd lopen",4,4
"19085",74,"WR-P-P-G-0000671643","""Ruzie als in een boerendorp''"," zijn gangetje en alles loopt","in het honderd"," . De voorbije strubbelingen laten","in het honderd","VZ(init) LID(bep,stan,evon) TW(hoofd,vrij)","VZ LID TW","p.1.s.3.w.8 p.1.s.3.w.9 p.1.s.3.w.10",1,"lopen",0,19085,"WR-P-P-G","newspapers","WR-P-P-G-0000671643-p.1.s.3","in het honderd lopen",4,4
"18898",74,"WR-P-E-G-0000005069","Subtitles for Thuis 1521"," dat in Ter Smissen niks","in het honderd"," loopt . Nog altijd geen","in het honderd","VZ(init) LID(bep,stan,evon) N(soort,ev,basis,zijd,stan)","VZ LID N","p.30.s.1.w.15 p.30.s.1.w.16 p.30.s.1.w.17",1,"lopen",1,18898,"WR-P-E-G","subtitles","WR-P-E-G-0000005069-p.30.s.1","in het honderd lopen",4,4
"18935",74,"WR-P-P-G-0000009321","Obasanjo op herhaling in verkiezingsstrijd"," de miss-verkiezingen in zijn land","in het honderd"," dreigden te lopen vanwege de","in het honderd","VZ(init) LID(bep,stan,evon) TW(hoofd,vrij)","VZ LID TW","p.7.s.3.w.8 p.7.s.3.w.9 p.7.s.3.w.10",1,"lopen",0,18935,"WR-P-P-G","newspapers","WR-P-P-G-0000009321-p.7.s.3","in het honderd lopen",4,4
"18991",74,"WR-P-P-H-0000075793","BIOLOGISCHE PRODUCTEN"," , loopt het hele systeem","in het honderd"," . "" Commercieel directeur Jos","in het honderd","VZ(init) LID(bep,stan,evon) TW(hoofd,vrij)","VZ LID TW","p.3.s.6.w.14 p.3.s.6.w.15 p.3.s.6.w.16",1,"lopen",0,18991,"WR-P-P-H","periodicals magazines","WR-P-P-H-0000075793-p.3.s.6","in het honderd lopen",4,4
"18943",74,"WR-P-P-B-0000000064","Het 'Circus Kruls'"," Zonder Kruls had de zaak","in het honderd"," kunnen lopen en daarom wilde","in het honderd","VZ(init) LID(bep,stan,evon) TW(hoofd,vrij)","VZ LID TW","p.894.s.5.w.6 p.894.s.5.w.7 p.894.s.5.w.8",1,"lopen",0,18943,"WR-P-P-B","books","WR-P-P-B-0000000064-p.894.s.5","in het honderd lopen",4,4
"18996",74,"WR-P-P-H-0000127757","Richard Russo -- Mannen op de rand van het afvoerputje"," van een huwelijksfeest die totaal","in het honderd"," loopt . Als ik Russo","in het honderd","VZ(init) LID(bep,stan,evon) N(soort,ev,basis,zijd,stan)","VZ LID N","p.2.s.3.w.21 p.2.s.3.w.22 p.2.s.3.w.23",1,"lopen",1,18996,"WR-P-P-H","periodicals magazines","WR-P-P-H-0000127757-p.2.s.3","in het honderd lopen",4,4
"18900",74,"WR-P-E-G-0000009373","Subtitles for Airline Classics 10"," Soms loopt door overmacht alles","in het honderd"," . De druk op de","in het honderd","VZ(init) LID(bep,stan,evon) TW(hoofd,vrij)","VZ LID TW","p.37.s.1.w.6 p.37.s.1.w.7 p.37.s.1.w.8",1,"lopen",0,18900,"WR-P-E-G","subtitles","WR-P-E-G-0000009373-p.37.s.1","in het honderd lopen",4,4
"18995",74,"WR-P-P-H-0000103866","Fransen gaven slechte voorbeeld"," zit , loopt het gegarandeerd","in het honderd"," . Daarnaast is het belangrijk","in het honderd","VZ(init) LID(bep,stan,evon) TW(hoofd,vrij)","VZ LID TW","p.5.s.3.w.10 p.5.s.3.w.11 p.5.s.3.w.12",1,"lopen",0,18995,"WR-P-P-H","periodicals magazines","WR-P-P-H-0000103866-p.5.s.3","in het honderd lopen",4,4
"19081",74,"WR-P-P-G-0000251826","Postbodes vragen uitstel nieuwe bedelingsroutes"," Anders zal het hier zeker","in het honderd"," lopen. '' , zegt ACOD","in het honderd","VZ(init) LID(bep,stan,evon) TW(hoofd,prenom,stan)","VZ LID TW","p.2.s.2.w.6 p.2.s.2.w.7 p.2.s.2.w.8",1,"lopen",0,19081,"WR-P-P-G","newspapers","WR-P-P-G-0000251826-p.2.s.2","in het honderd lopen",4,4
"19091",74,"WR-P-P-G-0000663100","Chauffeurs De Lijn leggen werk neer uit protest tegen dienstregeling"," 1 september de eerste schooldag","in het honderd"," te doen lopen . ""","in het honderd","VZ(init) LID(bep,stan,evon) TW(hoofd,vrij)","VZ LID TW","p.7.s.5.w.14 p.7.s.5.w.15 p.7.s.5.w.16",1,"lopen",0,19091,"WR-P-P-G","newspapers","WR-P-P-G-0000663100-p.7.s.5","in het honderd lopen",4,4
"19153",74,"WS-U-E-A-0000208159","Blizzard"," de Verenigde Staten loopt helemaal","in het honderd"," door aanhoudende sneeuwstormen . Duizenden","in het honderd","VZ(init) LID(bep,stan,evon) TW(hoofd,vrij)","VZ LID TW","p.1.s.1.w.12 p.1.s.1.w.13 p.1.s.1.w.14",1,"lopen",0,19153,"WS-U-E-A","auto cues","WS-U-E-A-0000208159-p.1.s.1","in het honderd lopen",4,4
"19139",74,"WS-U-E-A-0000355372","elf uur"," en naar Leuven is vanavond","in het honderd"," gelopen , door een blikseminslag","in het honderd","VZ(init) LID(bep,stan,evon) TW(hoofd,nom,zonder-n,basis)","VZ LID TW","p.1.s.1.w.9 p.1.s.1.w.10 p.1.s.1.w.11",1,"lopen",0,19139,"WS-U-E-A","auto cues","WS-U-E-A-0000355372-p.1.s.1","in het honderd lopen",4,4
"19149",74,"WS-U-E-A-0000127980","DL K METRO"," Brusselse metro is vanmorgen helemaal","in het honderd"," gelopen . Er was geen","in het honderd","VZ(init) LID(bep,stan,evon) TW(hoofd,nom,zonder-n,basis)","VZ LID TW","p.1.s.1.w.10 p.1.s.1.w.11 p.1.s.1.w.12",1,"lopen",0,19149,"WS-U-E-A","auto cues","WS-U-E-A-0000127980-p.1.s.1","in het honderd lopen",4,4
"19009",74,"WR-P-P-I-0000000379","Goedkeuring van de notulen"," moeten zijn , lijkt alles","in het honderd"," te lopen . Dat is","in het honderd","VZ(init) LID(bep,stan,evon) TW(hoofd,vrij)","VZ LID TW","p.765.s.1.w.20 p.765.s.1.w.21 p.765.s.1.w.22",1,"lopen",0,19009,"WR-P-P-I","policy documents","WR-P-P-I-0000000379-p.765.s.1","in het honderd lopen",4,4
"18913",74,"WR-P-E-A-0006202110","Resi en jan"," discipline , anders loopt het","in het honderd"," . En wonderwel gedijen de","in het honderd","VZ(init) LID(bep,stan,evon) TW(hoofd,vrij)","VZ LID TW","p.2.s.5.w.13 p.2.s.5.w.14 p.2.s.5.w.15",1,"lopen",0,18913,"WR-P-E-A","discussion lists","WR-P-E-A-0006202110-p.2.s.5","in het honderd lopen",4,4
"18933",74,"WR-P-E-L-0000000584","Unspecified"," Alles in de Randstad loopt","in het 100"," . Is dit nou een","in het 100","VZ(init) LID(bep,stan,evon) TW(hoofd,vrij)","VZ LID TW","text.1.event.2373.s.1.w.6 text.1.event.2373.s.1.w.7 text.1.event.2373.s.1.w.8",1,"lopen",0,18933,"WR-P-E-L","tweets","WR-P-E-L-0000000584-text.1.event.2373.s.1","in het honderd lopen",4,3
"18939",74,"WR-P-E-C-0000017822","De wereldwonderen van Wentelteefje (30)"," veel op een dag die","in het honderd"," loopt ! De oudste dochter","in het honderd","VZ(init) LID(bep,stan,evon) N(soort,ev,basis,zijd,stan)","VZ LID N","p.2.s.2.w.10 p.2.s.2.w.11 p.2.s.2.w.12",1,"lopen",1,18939,"WR-P-E-C","e-magazines","WR-P-E-C-0000017822-p.2.s.2","in het honderd lopen",4,4
"18968",74,"WR-P-P-H-0000175219","Familie als vogellijm"," maar in de kern alles","in het honderd"," laat lopen . Het geheim","in het honderd","VZ(init) LID(bep,stan,evon) TW(hoofd,prenom,stan)","VZ LID TW","p.5.s.2.w.35 p.5.s.2.w.36 p.5.s.2.w.37",1,"lopen",0,18968,"WR-P-P-H","periodicals magazines","WR-P-P-H-0000175219-p.5.s.2","in het honderd lopen",4,4
"18954",74,"WR-P-P-H-0000150637","Gesloten kist"," het midden "" en ""","in het honderd"," laten lopen "" . Het","in het honderd","VZ(init) LID(bep,stan,evon) TW(hoofd,nom,zonder-n,basis)","VZ LID TW","p.15.s.1.w.29 p.15.s.1.w.30 p.15.s.1.w.31",1,"lopen",0,18954,"WR-P-P-H","periodicals magazines","WR-P-P-H-0000150637-p.15.s.1","in het honderd lopen",4,4
"19019",74,"WR-P-P-G-0000405709","Actie tegen mogelijke treinstaking"," dit jaar dreigt het vervoer","in het honderd"," te lopen . Wij kunnen","in het honderd","VZ(init) LID(bep,stan,evon) TW(hoofd,vrij)","VZ LID TW","p.2.s.8.w.7 p.2.s.8.w.8 p.2.s.8.w.9",1,"lopen",0,19019,"WR-P-P-G","newspapers","WR-P-P-G-0000405709-p.2.s.8","in het honderd lopen",4,4
"19127",74,"WR-P-P-H-0000122110","Een eitje op de weg"," werk , de goederenbevoorrading loopt","in het honderd"," en door de uitstoot van","in het honderd","VZ(init) LID(bep,stan,evon) TW(hoofd,prenom,stan)","VZ LID TW","p.2.s.3.w.15 p.2.s.3.w.16 p.2.s.3.w.17",1,"lopen",0,19127,"WR-P-P-H","periodicals magazines","WR-P-P-H-0000122110-p.2.s.3","in het honderd lopen",4,4
"18934",74,"WR-P-E-L-0000000035","Unspecified"," , anders lopen mijn cronjobs","in het honderd"," ... Shiiiiit ... Morgen open","in het honderd","VZ(init) LID(bep,stan,evon) TW(hoofd,prenom,stan)","VZ LID TW","text.1.event.3166.s.2.w.16 text.1.event.3166.s.2.w.17 text.1.event.3166.s.2.w.18",1,"lopen",0,18934,"WR-P-E-L","tweets","WR-P-E-L-0000000035-text.1.event.3166.s.2","in het honderd lopen",4,4
"19012",74,"WR-P-P-G-0000227691","Onwillige bejaarden stelen de show"," doet alles om de repetities","in het honderd"," te doen lopen , met","in het honderd","VZ(init) LID(bep,stan,evon) TW(hoofd,vrij)","VZ LID TW","p.9.s.4.w.7 p.9.s.4.w.8 p.9.s.4.w.9",1,"lopen",0,19012,"WR-P-P-G","newspapers","WR-P-P-G-0000227691-p.9.s.4","in het honderd lopen",4,4
"18925",74,"WR-P-E-G-0000002842","Subtitles for Thuis 1040"," . Zonder Simonne loopt het","in het honderd"," . Amai . Dat zou","in het honderd","VZ(init) LID(bep,stan,evon) TW(hoofd,vrij)","VZ LID TW","p.80.s.1.w.5 p.80.s.1.w.6 p.80.s.1.w.7",1,"lopen",0,18925,"WR-P-E-G","subtitles","WR-P-E-G-0000002842-p.80.s.1","in het honderd lopen",4,4
"19001",74,"WR-P-P-H-0000057733","Gekneld tussen oud en nieuw"," klus , want alles kan","in het honderd"," lopen . Omdat de huisvrouw","in het honderd","VZ(init) LID(bep,stan,evon) N(soort,ev,basis,onz,stan)","VZ LID N","p.4.s.17.w.8 p.4.s.17.w.9 p.4.s.17.w.10",1,"lopen",1,19001,"WR-P-P-H","periodicals magazines","WR-P-P-H-0000057733-p.4.s.17","in het honderd lopen",4,4
"18981",74,"WR-P-P-H-0000096116","Okey-dokey, artichokey"," anderen haar plannen niet meer","in het honderd"," doen lopen . VOLWASSEN GEBOREN","in het honderd","VZ(init) LID(bep,stan,evon) TW(hoofd,nom,zonder-n,basis)","VZ LID TW","p.15.s.6.w.20 p.15.s.6.w.21 p.15.s.6.w.22",1,"lopen",0,18981,"WR-P-P-H","periodicals magazines","WR-P-P-H-0000096116-p.15.s.6","in het honderd lopen",4,4
"19105",74,"WR-P-P-G-0000240765","Elitair is geen scheld woord"," vrees dat bij mij alles","in het honderd"," zou lopen . Maar er","in het honderd","VZ(init) LID(bep,stan,evon) TW(hoofd,prenom,stan)","VZ LID TW","p.27.s.3.w.7 p.27.s.3.w.8 p.27.s.3.w.9",1,"lopen",0,19105,"WR-P-P-G","newspapers","WR-P-P-G-0000240765-p.27.s.3","in het honderd lopen",4,4
"19077",74,"WR-P-P-G-0000475487","Ongelukkige vakbondsman"," lichten en het verkeer loopt","in het honderd"," ( LBA ) ","in het honderd","VZ(init) LID(bep,stan,evon) TW(hoofd,vrij)","VZ LID TW","p.1.s.6.w.15 p.1.s.6.w.16 p.1.s.6.w.17",1,"lopen",0,19077,"WR-P-P-G","newspapers","WR-P-P-G-0000475487-p.1.s.6","in het honderd lopen",4,4
"18984",74,"WR-P-P-H-0000044073","IP zet druk op de lijn"," wordt gestuurd , loopt het","in het honderd"," . "" De Europese Commissie","in het honderd","VZ(init) LID(bep,stan,evon) TW(hoofd,vrij)","VZ LID TW","p.3.s.7.w.28 p.3.s.7.w.29 p.3.s.7.w.30",1,"lopen",0,18984,"WR-P-P-H","periodicals magazines","WR-P-P-H-0000044073-p.3.s.7","in het honderd lopen",4,4
"19112",74,"WR-P-P-G-0000064901","Nederlanders moeten meer kinderen krijgen"," volgt , dan loopt het","in het honderd"," . En dat is nu","in het honderd","VZ(init) LID(bep,stan,evon) TW(hoofd,vrij)","VZ LID TW","p.8.s.4.w.11 p.8.s.4.w.12 p.8.s.4.w.13",1,"lopen",0,19112,"WR-P-P-G","newspapers","WR-P-P-G-0000064901-p.8.s.4","in het honderd lopen",4,4
"19137",74,"WS-U-E-A-0000374640","Hoofdpunten","Hoofdpunten De ochtendspits loopt opnieuw","in het honderd"," door de sneeuw . Er","in het honderd","VZ(init) LID(bep,stan,evon) TW(hoofd,vrij)","VZ LID TW","p.1.s.1.w.5 p.1.s.1.w.6 p.1.s.1.w.7",1,"lopen",0,19137,"WS-U-E-A","auto cues","WS-U-E-A-0000374640-p.1.s.1","in het honderd lopen",4,4
"19095",74,"WR-P-P-G-0000176824","NMBS is het spoor bijster"," vertrek vier jaar geleden ""","in het honderd"," loopt "" . Vlaams minister-president","in het honderd","VZ(init) LID(bep,stan,evon) N(soort,ev,basis,zijd,stan)","VZ LID N","p.4.s.4.w.13 p.4.s.4.w.14 p.4.s.4.w.15",1,"lopen",1,19095,"WR-P-P-G","newspapers","WR-P-P-G-0000176824-p.4.s.4","in het honderd lopen",4,4
"19144",74,"WS-U-E-A-0000261047","Hoofdpunten"," de Olympische vlam in Parijs","in het honderd"," gelopen djingel ","in het honderd","VZ(init) LID(bep,stan,evon) TW(hoofd,nom,zonder-n,basis)","VZ LID TW","p.1.s.1.w.57 p.1.s.1.w.58 p.1.s.1.w.59",1,"lopen",0,19144,"WS-U-E-A","auto cues","WS-U-E-A-0000261047-p.1.s.1","in het honderd lopen",4,4
"18957",74,"WR-P-P-H-0000083643","Ciao Oliviero!"," . Anders loopt alles onverbiddelijk","in het honderd"," . Ik respecteer studenten door","in het honderd","VZ(init) LID(bep,stan,evon) TW(hoofd,vrij)","VZ LID TW","p.22.s.3.w.5 p.22.s.3.w.6 p.22.s.3.w.7",1,"lopen",0,18957,"WR-P-P-H","periodicals magazines","WR-P-P-H-0000083643-p.22.s.3","in het honderd lopen",4,4
"19126",74,"WR-P-P-K-0000000034","Hoofdstuk 5: Voorbereiding en uitzending van Dutchbat"," niet dat het hele voorbereidingsproces","in het honderd"," was gelopen . Al vóór","in het honderd","VZ(init) LID(bep,stan,evon) TW(hoofd,vrij)","VZ LID TW","p.46.s.1.w.8 p.46.s.1.w.9 p.46.s.1.w.10",1,"lopen",0,19126,"WR-P-P-K","reports","WR-P-P-K-0000000034-p.46.s.1","in het honderd lopen",4,4
"23882",145,"WR-P-E-G-0000004669","Subtitles for Kapitein Zeppos I (2) - De Pukke"," voor . Ik loop de","zolen van m'n schoenen"," . Je bent al een","zool van mijn schoen","N(soort,mv,basis) VZ(init) VNW(bez,det,stan,red,1,ev,prenom,zonder,agr) N(soort,mv,basis)","N VZ VNW N","p.81.s.1.w.4 p.81.s.1.w.5 p.81.s.1.w.6 p.81.s.1.w.7",1,"lopen",2,23882,"WR-P-E-G","subtitles","WR-P-E-G-0000004669-p.81.s.1","zolen van zijn schoenen lopen",5,5
"23883",145,"WR-P-E-G-0000003959","Subtitles for Thuis 1408"," . Terwijl hij zich de","zolen van z'n schoenen"," loopt voor jou . Verhuizen","zool van zijn schoen","N(soort,mv,basis) VZ(init) VNW(bez,det,stan,red,3,ev,prenom,zonder,agr) N(soort,mv,basis)","N VZ VNW N","p.105.s.1.w.5 p.105.s.1.w.6 p.105.s.1.w.7 p.105.s.1.w.8",1,"lopen",2,23883,"WR-P-E-G","subtitles","WR-P-E-G-0000003959-p.105.s.1","zolen van zijn schoenen lopen",5,5
"23884",145,"WR-P-P-G-0000244262","Wie bang is, krijgt slaag"," premier dat hij er de","zolen van zijn schoenen"," voor heeft gelopen . Het","zool van zijn schoen","N(soort,mv,basis) VZ(init) VNW(bez,det,stan,vol,3,ev,prenom,zonder,agr) N(soort,mv,basis)","N VZ VNW N","p.33.s.4.w.11 p.33.s.4.w.12 p.33.s.4.w.13 p.33.s.4.w.14",1,"lopen",2,23884,"WR-P-P-G","newspapers","WR-P-P-G-0000244262-p.33.s.4","zolen van zijn schoenen lopen",5,5
"31916",172,"WR-P-P-G-0000226042","Anatomievan een afscheidingsbeweging"," uit elkaar en ik doe","het in mijn broek"," . Tegenover mij spreidt hij","het in mijn broek","VNW(pers,pron,stan,red,3,ev,onz) VZ(init) VNW(bez,det,stan,vol,1,ev,prenom,zonder,agr) N(soort,ev,basis,zijd,stan)","VNW VZ VNW N","p.8.s.5.w.16 p.8.s.5.w.17 p.8.s.5.w.18 p.8.s.5.w.19",1,"doen",1,31916,"WR-P-P-G","newspapers","WR-P-P-G-0000226042-p.8.s.5","het in hun broek doen",5,5
"31892",172,"WR-P-P-H-0000044626","cd van de week"," ... Bref : waar multinationals","het in hun broek"," doen , nemen independents het","het in hun broek","VNW(pers,pron,stan,red,3,ev,onz) VZ(init) VNW(bez,det,stan,vol,3,mv,prenom,zonder,agr) N(soort,ev,basis,zijd,stan)","VNW VZ VNW N","p.2.s.4.w.12 p.2.s.4.w.13 p.2.s.4.w.14 p.2.s.4.w.15",1,"doen",1,31892,"WR-P-P-H","periodicals magazines","WR-P-P-H-0000044626-p.2.s.4","het in hun broek doen",5,5
"31877",172,"WR-P-P-B-0000000209","Blinde woede"," de dode zus dat ie","het in z'n broek"," doet en ons binnenlaat .","het in zijn broek","VNW(pers,pron,stan,red,3,ev,onz) VZ(init) VNW(bez,det,stan,red,3,ev,prenom,zonder,agr) N(soort,ev,basis,zijd,stan)","VNW VZ VNW N","p.3293.s.1.w.18 p.3293.s.1.w.19 p.3293.s.1.w.20 p.3293.s.1.w.21",1,"doen",1,31877,"WR-P-P-B","books","WR-P-P-B-0000000209-p.3293.s.1","het in hun broek doen",5,5
"31910",172,"WR-P-P-G-0000118565","We denken vanuit ons lijf"," gewoontjes te zeggen dat je","het in je broek"," deed van angst , maar","het in je broek","VNW(pers,pron,stan,red,3,ev,onz) VZ(init) VNW(bez,det,stan,red,2v,ev,prenom,zonder,agr) N(soort,ev,basis,zijd,stan)","VNW VZ VNW N","p.8.s.1.w.13 p.8.s.1.w.14 p.8.s.1.w.15 p.8.s.1.w.16",1,"doen",1,31910,"WR-P-P-G","newspapers","WR-P-P-G-0000118565-p.8.s.1","het in hun broek doen",5,5
"31900",172,"WR-P-P-H-0000113561","Van nazibestrijder over raketwerper tot hangjongere"," well . ' Kingsley doet","het in zijn broek"," en verbeeldt daarmee mooi de","het in zijn broek","VNW(pers,pron,stan,red,3,ev,onz) VZ(init) VNW(bez,det,stan,vol,3,ev,prenom,zonder,agr) N(soort,ev,basis,zijd,stan)","VNW VZ VNW N","p.9.s.5.w.3 p.9.s.5.w.4 p.9.s.5.w.5 p.9.s.5.w.6",1,"doen",1,31900,"WR-P-P-H","periodicals magazines","WR-P-P-H-0000113561-p.9.s.5","het in hun broek doen",5,5
"31842",172,"WR-P-E-G-0000011145","American history x"," "" ? - Sweeney deed","het in z'n broek"," . - Echt , man","het in zijn broek","VNW(pers,pron,stan,red,3,ev,onz) VZ(init) VNW(bez,det,stan,red,3,ev,prenom,zonder,agr) N(soort,ev,basis,zijd,stan)","VNW VZ VNW N","p.405.s.1.w.4 p.405.s.1.w.5 p.405.s.1.w.6 p.405.s.1.w.7",1,"doen",1,31842,"WR-P-E-G","subtitles","WR-P-E-G-0000011145-p.405.s.1","het in hun broek doen",5,5
"31920",172,"WR-P-P-G-0000235807","Il caimano"," , artiesten en producenten die","het in hun broek"," doen voor de machtige premier","het in hun broek","VNW(pers,pron,stan,red,3,ev,onz) VZ(init) VNW(bez,det,stan,vol,3,mv,prenom,zonder,agr) N(soort,ev,basis,zijd,stan)","VNW VZ VNW N","p.4.s.3.w.10 p.4.s.3.w.11 p.4.s.3.w.12 p.4.s.3.w.13",1,"doen",1,31920,"WR-P-P-G","newspapers","WR-P-P-G-0000235807-p.4.s.3","het in hun broek doen",5,5
"31879",172,"WR-P-P-B-0000000029","De minnaar zonder verblijfplaats"," de ogen te kijken zonder","het in je broek"," te doen van angst .","het in je broek","LID(bep,stan,evon) VZ(init) VNW(bez,det,stan,red,2v,ev,prenom,zonder,agr) N(soort,ev,basis,zijd,stan)","LID VZ VNW N","p.970.s.2.w.11 p.970.s.2.w.12 p.970.s.2.w.13 p.970.s.2.w.14",1,"doen",1,31879,"WR-P-P-B","books","WR-P-P-B-0000000029-p.970.s.2","het in hun broek doen",5,5
"31907",172,"WR-P-P-G-0000072844","Leren poepen via internet"," ze het ophouden tot ze","het in hun broek"," doen . Bij een succesvolle","het in hun broek","VNW(pers,pron,stan,red,3,ev,onz) VZ(init) VNW(bez,det,stan,vol,3,mv,prenom,zonder,agr) N(soort,ev,basis,zijd,stan)","VNW VZ VNW N","p.4.s.1.w.37 p.4.s.1.w.38 p.4.s.1.w.39 p.4.s.1.w.40",1,"doen",1,31907,"WR-P-P-G","newspapers","WR-P-P-G-0000072844-p.4.s.1","het in hun broek doen",5,5
"31863",172,"WR-P-E-A-0000403909","Verkiezingen 2007"," Brussel te verliezen doet straatrue","het in zijn broek"," uit schrik dat wij Brussel","het in zijn broek","VNW(pers,pron,stan,red,3,ev,onz) VZ(init) VNW(bez,det,stan,vol,3,ev,prenom,zonder,agr) N(soort,ev,basis,zijd,stan)","VNW VZ VNW N","p.3.s.1.w.14 p.3.s.1.w.15 p.3.s.1.w.16 p.3.s.1.w.17",1,"doen",1,31863,"WR-P-E-A","discussion lists","WR-P-E-A-0000403909-p.3.s.1","het in hun broek doen",5,5
"31841",172,"WR-P-E-G-0000010846","Madagascar"," op ! - Ik doe","'t in m'n broek"," ! Vrees mij ! Ik","het in mijn broek","VNW(pers,pron,stan,red,3,ev,onz) VZ(init) VNW(bez,det,stan,red,1,ev,prenom,zonder,agr) N(soort,ev,basis,zijd,stan)","VNW VZ VNW N","p.1047.s.2.w.4 p.1047.s.2.w.5 p.1047.s.2.w.6 p.1047.s.2.w.7",1,"doen",1,31841,"WR-P-E-G","subtitles","WR-P-E-G-0000010846-p.1047.s.2","het in hun broek doen",5,5
"31882",172,"WR-P-P-G-0000110986","Schokkende video bij start proces"," gemaakt als blijkt dat Adamu","het in haar broek"," heeft gedaan . Na enige","het in haar broek","VNW(pers,pron,stan,red,3,ev,onz) VZ(init) VNW(bez,det,stan,vol,3,ev,prenom,zonder,agr) N(soort,ev,basis,zijd,stan)","VNW VZ VNW N","p.4.s.3.w.9 p.4.s.3.w.10 p.4.s.3.w.11 p.4.s.3.w.12",1,"doen",1,31882,"WR-P-P-G","newspapers","WR-P-P-G-0000110986-p.4.s.3","het in hun broek doen",5,5
"31836",172,"WR-P-E-G-0000011190","Shade"," je ballen plat tot je","het in je broek"," doet . Waar zijn ze","het in je broek","VNW(pers,pron,stan,red,3,ev,onz) VZ(init) VNW(bez,det,stan,red,2v,ev,prenom,zonder,agr) N(soort,ev,basis,zijd,stan)","VNW VZ VNW N","p.853.s.1.w.8 p.853.s.1.w.9 p.853.s.1.w.10 p.853.s.1.w.11",1,"doen",1,31836,"WR-P-E-G","subtitles","WR-P-E-G-0000011190-p.853.s.1","het in hun broek doen",5,5
"31865",172,"WR-P-E-A-0000425526","'Prins Filip kan het wél'"," hele belgische politieke establishment doet","het in z'n broek"," bij de gedachte alleen al","het in zijn broek","VNW(pers,pron,stan,red,3,ev,onz) VZ(init) VNW(bez,det,stan,red,3,ev,prenom,zonder,agr) N(soort,ev,basis,zijd,stan)","VNW VZ VNW N","p.3.s.1.w.7 p.3.s.1.w.8 p.3.s.1.w.9 p.3.s.1.w.10",1,"doen",1,31865,"WR-P-E-A","discussion lists","WR-P-E-A-0000425526-p.3.s.1","het in hun broek doen",5,5
"31897",172,"WR-P-P-H-0000117287","JONATHAN LIEBESMAN: 'IK BEN GEEN PARIA MEER'"," sommige studiobonzen . Ze deden","het in hun broek"," toen ik hen over mijn","het in hun broek","VNW(pers,pron,stan,red,3,ev,onz) VZ(init) VNW(bez,det,stan,vol,3,mv,prenom,zonder,agr) N(soort,ev,basis,zijd,stan)","VNW VZ VNW N","p.9.s.2.w.3 p.9.s.2.w.4 p.9.s.2.w.5 p.9.s.2.w.6",1,"doen",1,31897,"WR-P-P-H","periodicals magazines","WR-P-P-H-0000117287-p.9.s.2","het in hun broek doen",5,5
"31885",172,"WR-P-E-J-0000061539","Harpo Marx"," en overweldigend . Ik deed","het in m'n broek"," "" . Harpo zou zich","het in mijn broek","VNW(pers,pron,stan,red,3,ev,onz) VZ(init) VNW(bez,det,stan,red,1,ev,prenom,zonder,agr) N(soort,ev,basis,zijd,stan)","VNW VZ VNW N","p.4.s.4.w.3 p.4.s.4.w.4 p.4.s.4.w.5 p.4.s.4.w.6",1,"doen",1,31885,"WR-P-E-J","wikipedia","WR-P-E-J-0000061539-p.4.s.4","het in hun broek doen",5,5
"31849",172,"WR-P-E-A-0004653547","Verschrikkelijk gave vent"," , ook al doe je","het in je broek"," van angst , zodra hij","het in je broek","VNW(pers,pron,stan,red,3,ev,onz) VZ(init) VNW(bez,det,stan,red,2v,ev,prenom,zonder,agr) N(soort,ev,basis,zijd,stan)","VNW VZ VNW N","p.1.s.1.w.14 p.1.s.1.w.15 p.1.s.1.w.16 p.1.s.1.w.17",1,"doen",1,31849,"WR-P-E-A","discussion lists","WR-P-E-A-0004653547-p.1.s.1","het in hun broek doen",5,5
"31858",172,"WR-P-E-G-0000000893","Subtitles for Thuis 770"," proces van ? Steve doet","het in z'n broek"," . Baert heeft hem gechanteerd","het in zijn broek","VNW(pers,pron,stan,red,3,ev,onz) VZ(init) VNW(bez,det,stan,red,3,ev,prenom,zonder,agr) N(soort,ev,basis,zijd,stan)","VNW VZ VNW N","p.143.s.1.w.3 p.143.s.1.w.4 p.143.s.1.w.5 p.143.s.1.w.6",1,"doen",1,31858,"WR-P-E-G","subtitles","WR-P-E-G-0000000893-p.143.s.1","het in hun broek doen",5,5
"31904",172,"WR-P-P-H-0000116784","Liam Gallagher: -- BEADY EYE - 'MIJN HELE LEVEN WAS OASIS'"," nu al weet dat ze","het in hun broek"," doen omdat ze ná ons","het in hun broek","VNW(pers,pron,stan,red,3,ev,onz) VZ(init) VNW(bez,det,stan,vol,3,mv,prenom,zonder,agr) N(soort,ev,basis,zijd,stan)","VNW VZ VNW N","p.51.s.4.w.16 p.51.s.4.w.17 p.51.s.4.w.18 p.51.s.4.w.19",1,"doen",1,31904,"WR-P-P-H","periodicals magazines","WR-P-P-H-0000116784-p.51.s.4","het in hun broek doen",5,5
"31855",172,"WR-P-E-G-0000010909","Mallrats"," twee gevreesde onruststokers als jullie","het in hun broek"," deden voor de bewaker van","het in hun broek","LID(bep,stan,evon) VZ(init) VNW(bez,det,stan,vol,3,mv,prenom,zonder,agr) N(soort,ev,basis,zijd,stan)","LID VZ VNW N","p.198.s.1.w.1 p.198.s.1.w.2 p.198.s.1.w.3 p.198.s.1.w.4",1,"doen",1,31855,"WR-P-E-G","subtitles","WR-P-E-G-0000010909-p.198.s.1","het in hun broek doen",5,5
"31847",172,"WR-P-E-G-0000010375","Lethal weapon 2"," ' . - Hij deed","'t in z'n broek"," . - Toen begonnen de","het in zijn broek","VNW(pers,pron,stan,red,3,ev,onz) VZ(init) VNW(bez,det,stan,red,3,ev,prenom,zonder,agr) N(soort,ev,basis,zijd,stan)","VNW VZ VNW N","p.973.s.1.w.4 p.973.s.1.w.5 p.973.s.1.w.6 p.973.s.1.w.7",1,"doen",1,31847,"WR-P-E-G","subtitles","WR-P-E-G-0000010375-p.973.s.1","het in hun broek doen",5,5
"31899",172,"WR-P-P-H-0000122825","BRUSSELS JAZZ ORCHESTRA IN NEW YORK -- Heden ben ik nuchter"," Lang niet . Hadden ze","het in hun broek"," gedaan , daar onder de","het in hun broek","VNW(pers,pron,stan,red,3,ev,onz) VZ(init) VNW(bez,det,stan,vol,3,mv,prenom,zonder,agr) N(soort,ev,basis,zijd,stan)","VNW VZ VNW N","p.9.s.3.w.3 p.9.s.3.w.4 p.9.s.3.w.5 p.9.s.3.w.6",1,"doen",1,31899,"WR-P-P-H","periodicals magazines","WR-P-P-H-0000122825-p.9.s.3","het in hun broek doen",5,5
"31922",172,"WR-P-P-G-0000684802","VLD deed het in de broek","VLD deed","het in de broek"," HOVE Burgemeester Luc Vuylsteke de","het in de broek","VNW(pers,pron,stan,red,3,ev,onz) VZ(init) LID(bep,stan,rest) N(soort,ev,basis,zijd,stan)","VNW VZ LID N","head.1.s.1.w.3 head.1.s.1.w.4 head.1.s.1.w.5 head.1.s.1.w.6",1,"doen",1,31922,"WR-P-P-G","newspapers","WR-P-P-G-0000684802-head.1.s.1","het in hun broek doen",5,5
"31923",172,"WR-P-P-G-0000673533","""Best met Vlaams Belang door één deur"," oppositie , een partij die","het in haar broek"," doet bij de gedachte dat","het in haar broek","VNW(pers,pron,stan,red,3,ev,onz) VZ(init) VNW(bez,det,stan,vol,3,ev,prenom,zonder,agr) N(soort,ev,basis,zijd,stan)","VNW VZ VNW N","p.9.s.8.w.21 p.9.s.8.w.22 p.9.s.8.w.23 p.9.s.8.w.24",1,"doen",1,31923,"WR-P-P-G","newspapers","WR-P-P-G-0000673533-p.9.s.8","het in hun broek doen",5,5
"31906",172,"WR-P-P-G-0000072844","Leren poepen via internet"," In Amerika kunnen kinderen die","het in hun broek"," doen , via internet leren","het in hun broek","VNW(pers,pron,stan,red,3,ev,onz) VZ(init) VNW(bez,det,stan,vol,3,mv,prenom,zonder,agr) N(soort,ev,basis,zijd,stan)","VNW VZ VNW N","p.1.s.1.w.6 p.1.s.1.w.7 p.1.s.1.w.8 p.1.s.1.w.9",1,"doen",1,31906,"WR-P-P-G","newspapers","WR-P-P-G-0000072844-p.1.s.1","het in hun broek doen",5,5
"31888",172,"WR-P-P-B-0000000153","Verleiding"," nog net zien dat hij","het in zijn broek"," deed van angst . '","het in zijn broek","VNW(pers,pron,stan,red,3,ev,onz) VZ(init) VNW(bez,det,stan,vol,3,ev,prenom,zonder,agr) N(soort,ev,basis,zijd,stan)","VNW VZ VNW N","p.2422.s.3.w.8 p.2422.s.3.w.9 p.2422.s.3.w.10 p.2422.s.3.w.11",1,"doen",1,31888,"WR-P-P-B","books","WR-P-P-B-0000000153-p.2422.s.3","het in hun broek doen",5,5
"31909",172,"WR-P-P-G-0000180789","Pär Zetterberg: 'Ik weet echt niet wat we uitspoken op verplaatsing'"," . Echt , ik had","het in mijn broek"," gedaan als ik op mijn","het in mijn broek","VNW(pers,pron,stan,red,3,ev,onz) VZ(init) VNW(bez,det,stan,vol,1,ev,prenom,zonder,agr) N(soort,ev,basis,zijd,stan)","VNW VZ VNW N","p.16.s.4.w.5 p.16.s.4.w.6 p.16.s.4.w.7 p.16.s.4.w.8",1,"doen",1,31909,"WR-P-P-G","newspapers","WR-P-P-G-0000180789-p.16.s.4","het in hun broek doen",5,5
"31925",172,"WR-U-E-A-0000104166","Unspecified"," het dringend is en ge","het in uw broekje"," doet Lol ( heb ik","het in uw broek","VNW(pers,pron,stan,red,3,ev,onz) VZ(init) VNW(bez,det,stan,vol,2,getal,prenom,zonder,agr) N(soort,ev,dim,onz,stan)","VNW VZ VNW N","text.1.event.3467.s.1.w.7 text.1.event.3467.s.1.w.8 text.1.event.3467.s.1.w.9 text.1.event.3467.s.1.w.10",1,"doen",1,31925,"WR-U-E-A","chats","WR-U-E-A-0000104166-text.1.event.3467.s.1","het in hun broek doen",5,5
"31921",172,"WR-P-P-G-0000205995","Een museum 'voor' deportatie"," niet zitten . Sommigen deden","het in de broek"," ( voor je het weet","het in de broek","VNW(pers,pron,stan,red,3,ev,onz) VZ(init) LID(bep,stan,rest) N(soort,ev,basis,zijd,stan)","VNW VZ LID N","p.12.s.2.w.3 p.12.s.2.w.4 p.12.s.2.w.5 p.12.s.2.w.6",1,"doen",1,31921,"WR-P-P-G","newspapers","WR-P-P-G-0000205995-p.12.s.2","het in hun broek doen",5,5
"31889",172,"WR-P-P-B-0000000042","Oude Vrienden"," op tv , doet hij","het in zijn broek"," van het lachen , en","het in zijn broek","VNW(pers,pron,stan,red,3,ev,onz) VZ(init) VNW(bez,det,stan,vol,3,ev,prenom,zonder,agr) N(soort,ev,basis,zijd,stan)","VNW VZ VNW N","p.4.s.116.w.12 p.4.s.116.w.13 p.4.s.116.w.14 p.4.s.116.w.15",1,"doen",1,31889,"WR-P-P-B","books","WR-P-P-B-0000000042-p.4.s.116","het in hun broek doen",5,5
"31839",172,"WR-P-E-G-0000003436","Subtitles for De Leukste Eeuw: Lachen in 2002("," me vaak af of ik","het in m'n broek"," deed . De grote Ben","het in mijn broek","VNW(pers,pron,stan,red,3,ev,onz) VZ(init) VNW(bez,det,stan,red,1,ev,prenom,zonder,agr) N(soort,ev,basis,zijd,stan)","VNW VZ VNW N","p.633.s.2.w.8 p.633.s.2.w.9 p.633.s.2.w.10 p.633.s.2.w.11",1,"doen",1,31839,"WR-P-E-G","subtitles","WR-P-E-G-0000003436-p.633.s.2","het in hun broek doen",5,5
"31902",172,"WR-P-P-H-0000114252","De tv-momenten van Flip Kowlier"," rek vliegen , deed ik","het in mijn broek"," . ( Lacht ) Ik","het in mijn broek","VNW(pers,pron,stan,red,3,ev,onz) VZ(init) VNW(bez,det,stan,vol,1,ev,prenom,zonder,agr) N(soort,ev,basis,zijd,stan)","VNW VZ VNW N","p.4.s.5.w.21 p.4.s.5.w.22 p.4.s.5.w.23 p.4.s.5.w.24",1,"doen",1,31902,"WR-P-P-H","periodicals magazines","WR-P-P-H-0000114252-p.4.s.5","het in hun broek doen",5,5
"31852",172,"WR-P-E-G-0000010913","Billy madison"," stront is . Hij doet","het in z'n broek"," als hij dat beseft .","het in zijn broek","VNW(pers,pron,stan,red,3,ev,onz) VZ(init) VNW(bez,det,stan,red,3,ev,prenom,zonder,agr) N(soort,ev,basis,zijd,stan)","VNW VZ VNW N","p.100.s.1.w.3 p.100.s.1.w.4 p.100.s.1.w.5 p.100.s.1.w.6",1,"doen",1,31852,"WR-P-E-G","subtitles","WR-P-E-G-0000010913-p.100.s.1","het in hun broek doen",5,5
"31880",172,"WR-P-E-L-0000000325","Unspecified"," kameel zit , als ik","het in mijn broek"," gedaan heb ... :-( #MarocChick","het in mijn broek","VNW(pers,pron,stan,red,3,ev,onz) VZ(init) VNW(bez,det,stan,vol,1,ev,prenom,zonder,agr) N(soort,ev,basis,zijd,stan)","VNW VZ VNW N","text.1.event.5770.s.1.w.19 text.1.event.5770.s.1.w.20 text.1.event.5770.s.1.w.21 text.1.event.5770.s.1.w.22",1,"doen",1,31880,"WR-P-E-L","tweets","WR-P-E-L-0000000325-text.1.event.5770.s.1","het in hun broek doen",5,5
"31912",172,"WR-P-P-G-0000045099","Quotes","Quotes "" Elke tegenstander doet","het in z'n broek"," voor onze voorhoede . ''","het in z'n broek","VNW(pers,pron,stan,red,3,ev,onz) VZ(init) VNW(bez,det,stan,red,3,ev,prenom,zonder,agr) N(soort,ev,basis,zijd,stan)","VNW VZ VNW N","p.1.s.1.w.5 p.1.s.1.w.6 p.1.s.1.w.7 p.1.s.1.w.8",1,"doen",1,31912,"WR-P-P-G","newspapers","WR-P-P-G-0000045099-p.1.s.1","het in hun broek doen",5,5
"31869",172,"WR-P-E-A-0000035438","Unspecified"," op aankomt dan doen ze","het in hun broek"," . Gewoon weg zielig .","het in hun broek","VNW(pers,pron,stan,red,3,ev,onz) VZ(init) VNW(bez,det,stan,vol,3,mv,prenom,zonder,agr) N(soort,ev,basis,zijd,stan)","VNW VZ VNW N","p.3.s.1.w.16 p.3.s.1.w.17 p.3.s.1.w.18 p.3.s.1.w.19",1,"doen",1,31869,"WR-P-E-A","discussion lists","WR-P-E-A-0000035438-p.3.s.1","het in hun broek doen",5,5
"31917",172,"WR-P-P-G-0000207560","'Kwetsbaarheid is een antwoord op agressie'"," . En dan doe je","het in je broek"," , hé . "" De","het in je broek","VNW(pers,pron,stan,red,3,ev,onz) VZ(init) VNW(bez,det,stan,red,2v,ev,prenom,zonder,agr) N(soort,ev,basis,zijd,stan)","VNW VZ VNW N","p.35.s.6.w.5 p.35.s.6.w.6 p.35.s.6.w.7 p.35.s.6.w.8",1,"doen",1,31917,"WR-P-P-G","newspapers","WR-P-P-G-0000207560-p.35.s.6","het in hun broek doen",5,5
"31914",172,"WR-P-P-G-0000178145","No title available."," kijkers lokt . Ik zou","het in mijn broek"," doen van de schrik .","het in mijn broek","VNW(pers,pron,stan,red,3,ev,onz) VZ(init) VNW(bez,det,stan,vol,1,ev,prenom,zonder,agr) N(soort,ev,basis,zijd,stan)","VNW VZ VNW N","p.45.s.6.w.3 p.45.s.6.w.4 p.45.s.6.w.5 p.45.s.6.w.6",1,"doen",1,31914,"WR-P-P-G","newspapers","WR-P-P-G-0000178145-p.45.s.6","het in hun broek doen",5,5
"31861",172,"WR-P-E-A-0000403911","Verkiezingen 2007"," Brussel te verliezen doet straatrue","het in zijn broek"," uit schrik dat wij Brussel","het in zijn broek","VNW(pers,pron,stan,red,3,ev,onz) VZ(init) VNW(bez,det,stan,vol,3,ev,prenom,zonder,agr) N(soort,ev,basis,zijd,stan)","VNW VZ VNW N","p.2.s.1.w.14 p.2.s.1.w.15 p.2.s.1.w.16 p.2.s.1.w.17",1,"doen",1,31861,"WR-P-E-A","discussion lists","WR-P-E-A-0000403911-p.2.s.1","het in hun broek doen",5,5
"31843",172,"WR-P-E-G-0000011278","Two hands"," stuk sneller . Phil deed","het in zijn broek"," . Daarna is ie vertrokken","het in zijn broek","VNW(pers,pron,stan,red,3,ev,onz) VZ(init) VNW(bez,det,stan,vol,3,ev,prenom,zonder,agr) N(soort,ev,basis,zijd,stan)","VNW VZ VNW N","p.530.s.1.w.3 p.530.s.1.w.4 p.530.s.1.w.5 p.530.s.1.w.6",1,"doen",1,31843,"WR-P-E-G","subtitles","WR-P-E-G-0000011278-p.530.s.1","het in hun broek doen",5,5
"31901",172,"WR-P-P-H-0000173863","Redt amsterdam"," aarde : de gemeente doet","het in haar broek"," van angst voor de uitkomst","het in haar broek","VNW(pers,pron,stan,red,3,ev,onz) VZ(init) VNW(bez,det,stan,vol,3,ev,prenom,zonder,agr) N(soort,ev,basis,zijd,stan)","VNW VZ VNW N","p.2.s.1.w.16 p.2.s.1.w.17 p.2.s.1.w.18 p.2.s.1.w.19",1,"doen",1,31901,"WR-P-P-H","periodicals magazines","WR-P-P-H-0000173863-p.2.s.1","het in hun broek doen",5,5
"31846",172,"WR-P-E-G-0000011326","Hable con ella"," ? - Dan doe ik","het in m'n broek"," ! Goedemorgen dokter . Ik","het in mijn broek","VNW(pers,pron,stan,red,3,ev,onz) VZ(init) VNW(bez,det,stan,red,1,ev,prenom,zonder,agr) N(soort,ev,basis,zijd,stan)","VNW VZ VNW N","p.211.s.2.w.5 p.211.s.2.w.6 p.211.s.2.w.7 p.211.s.2.w.8",1,"doen",1,31846,"WR-P-E-G","subtitles","WR-P-E-G-0000011326-p.211.s.2","het in hun broek doen",5,5
"31896",172,"WR-P-P-H-0000150414","Analyse zonder divan"," altijd bagatelliseerde ; Freud die","het in zijn broek"," deed tijdens een wandeling met","het in zijn broek","VNW(pers,pron,stan,red,3,ev,onz) VZ(init) VNW(bez,det,stan,vol,3,ev,prenom,zonder,agr) N(soort,ev,basis,zijd,stan)","VNW VZ VNW N","p.8.s.2.w.33 p.8.s.2.w.34 p.8.s.2.w.35 p.8.s.2.w.36",1,"doen",1,31896,"WR-P-P-H","periodicals magazines","WR-P-P-H-0000150414-p.8.s.2","het in hun broek doen",5,5
"31876",172,"WR-P-P-B-0000000226","Met andere ogen"," Samchö's aanvallen . Als hij","het in zijn broek"," deed , kleedde ze hem","het in zijn broek","VNW(pers,pron,stan,red,3,ev,onz) VZ(init) VNW(bez,det,stan,vol,3,ev,prenom,zonder,agr) N(soort,ev,basis,zijd,stan)","VNW VZ VNW N","p.274.s.2.w.3 p.274.s.2.w.4 p.274.s.2.w.5 p.274.s.2.w.6",1,"doen",1,31876,"WR-P-P-B","books","WR-P-P-B-0000000226-p.274.s.2","het in hun broek doen",5,5
"31870",172,"WR-P-E-A-0000425499","'Prins Filip kan het wél'"," hele belgische politieke establishment doet","het in z'n broek"," bij de gedachte alleen al","het in zijn broek","VNW(pers,pron,stan,red,3,ev,onz) VZ(init) VNW(bez,det,stan,red,3,ev,prenom,zonder,agr) N(soort,ev,basis,zijd,stan)","VNW VZ VNW N","p.3.s.1.w.7 p.3.s.1.w.8 p.3.s.1.w.9 p.3.s.1.w.10",1,"doen",1,31870,"WR-P-E-A","discussion lists","WR-P-E-A-0000425499-p.3.s.1","het in hun broek doen",5,5
"31881",172,"WR-P-P-G-0000259426","Hoe jezelf belachelijk te vinden"," is hoe zijn demente vader","het in de broek"," doet als een bevallige dokter","het in de broek","VNW(pers,pron,stan,red,3,ev,onz) VZ(init) LID(bep,stan,rest) N(soort,ev,basis,zijd,stan)","VNW VZ LID N","p.2.s.2.w.40 p.2.s.2.w.41 p.2.s.2.w.42 p.2.s.2.w.43",1,"doen",1,31881,"WR-P-P-G","newspapers","WR-P-P-G-0000259426-p.2.s.2","het in hun broek doen",5,5
"31903",172,"WR-P-P-H-0000136484","De Champions League gokmaffia"," maken . "" Ik deed","het in mijn broek"," van schrik "" , vertelde","het in mijn broek","VNW(pers,pron,stan,red,3,ev,onz) VZ(init) VNW(bez,det,stan,vol,1,ev,prenom,zonder,agr) N(soort,ev,basis,zijd,stan)","VNW VZ VNW N","p.15.s.7.w.4 p.15.s.7.w.5 p.15.s.7.w.6 p.15.s.7.w.7",1,"doen",1,31903,"WR-P-P-H","periodicals magazines","WR-P-P-H-0000136484-p.15.s.7","het in hun broek doen",5,5
"31835",172,"WR-P-E-G-0000010968","Rock star"," lzzy krijg , doe ik","het in m'n broek"," . Dat zal vast wel","het in mijn broek","VNW(pers,pron,stan,red,3,ev,onz) VZ(init) VNW(bez,det,stan,red,1,ev,prenom,zonder,agr) N(soort,ev,basis,zijd,stan)","VNW VZ VNW N","p.491.s.1.w.8 p.491.s.1.w.9 p.491.s.1.w.10 p.491.s.1.w.11",1,"doen",1,31835,"WR-P-E-G","subtitles","WR-P-E-G-0000010968-p.491.s.1","het in hun broek doen",5,5
"31895",172,"WR-P-P-H-0000116774","NATHALIE MESKENS -- 'IK BEN WAT MIJN HAARKLEUR LAAT VERMOEDEN: EEN NAÏEF KIEKEN'"," De Allerslimste Mens deed ik","het in mijn broek"," , bang dat het helemaal","het in mijn broek","VNW(pers,pron,stan,red,3,ev,onz) VZ(init) VNW(bez,det,stan,vol,1,ev,prenom,zonder,agr) N(soort,ev,basis,zijd,stan)","VNW VZ VNW N","p.13.s.7.w.10 p.13.s.7.w.11 p.13.s.7.w.12 p.13.s.7.w.13",1,"doen",1,31895,"WR-P-P-H","periodicals magazines","WR-P-P-H-0000116774-p.13.s.7","het in hun broek doen",5,5
"31845",172,"WR-P-E-G-0000011432","The exorcism of emily rose"," het dat ? Ik deed","het in m'n broek"," . De avond dat u","het in mijn broek","VNW(pers,pron,stan,red,3,ev,onz) VZ(init) VNW(bez,det,stan,red,1,ev,prenom,zonder,agr) N(soort,ev,basis,zijd,stan)","VNW VZ VNW N","p.662.s.1.w.3 p.662.s.1.w.4 p.662.s.1.w.5 p.662.s.1.w.6",1,"doen",1,31845,"WR-P-E-G","subtitles","WR-P-E-G-0000011432-p.662.s.1","het in hun broek doen",5,5
